img_id,GT_timestamp,saved_time%_TP,timestamp_FPvsTP,saved_time%_withFP,confusion_matrix
1-1@run1@NO_TPs,0 True Positives,36 True Negatives,0 False Positives,26 False Negatives
1-1@run2@1-1@run2@21.0Map.png,35,40.0,0,40.0,15 TP/ 21 TN/ ,0 FP/ 0 FN
number_of_runs,2
AVG_PERC_SEC_SAVED_WITH_TP,20.0
AVG_PERC_SEC_SAVED_WITH_FP,20.0
AVG_PERC_SEC_SAVED_WITH_FN,20.0
2-4@run1@2-4@run1@1.0Map.png,4,75.0,0,75.0,4 TP/ 1 TN/ ,0 FP/ 0 FN
number_of_runs,3
AVG_PERC_SEC_SAVED_WITH_TP,38.333333333333336
AVG_PERC_SEC_SAVED_WITH_FP,38.333333333333336
AVG_PERC_SEC_SAVED_WITH_FN,38.333333333333336
3-4@run1@3-4@run1@7.0Map.png,10,30.0,6vs7,40.0,4 TP/ 6 TN/ ,1 FP/ 0 FN
number_of_runs,4
AVG_PERC_SEC_SAVED_WITH_TP,36.25
AVG_PERC_SEC_SAVED_WITH_FP,38.75
AVG_PERC_SEC_SAVED_WITH_FN,36.25
5-0@run1@5-0@run1@5.0Map.png,9,44.44444444444444,0,44.44444444444444,5 TP/ 5 TN/ ,0 FP/ 0 FN
number_of_runs,5
AVG_PERC_SEC_SAVED_WITH_TP,37.88888888888889
AVG_PERC_SEC_SAVED_WITH_FP,39.88888888888889
AVG_PERC_SEC_SAVED_WITH_FN,37.88888888888889
5-3@run1@5-3@run1@7.0Map.png,10,30.0,0,30.0,4 TP/ 7 TN/ ,0 FP/ 0 FN
number_of_runs,6
AVG_PERC_SEC_SAVED_WITH_TP,36.574074074074076
AVG_PERC_SEC_SAVED_WITH_FP,38.24074074074074
AVG_PERC_SEC_SAVED_WITH_FN,36.574074074074076
6-1@run1@6-1@run1@12.0Map.png,14,14.285714285714285,0,14.285714285714285,3 TP/ 10 TN/ ,0 FP/ 2 FN
number_of_runs,7
AVG_PERC_SEC_SAVED_WITH_TP,33.390022675736965
AVG_PERC_SEC_SAVED_WITH_FP,34.81859410430839
AVG_PERC_SEC_SAVED_WITH_FN,35.430839002267575
6-3@run1@6-3@run1@10.0Map.png,17,41.17647058823529,0,41.17647058823529,8 TP/ 10 TN/ ,0 FP/ 0 FN
number_of_runs,8
AVG_PERC_SEC_SAVED_WITH_TP,34.363328664799255
AVG_PERC_SEC_SAVED_WITH_FP,35.613328664799255
AVG_PERC_SEC_SAVED_WITH_FN,36.14904295051354
6-4@run1@6-4@run1@5.0Map.png,10,50.0,0,50.0,6 TP/ 5 TN/ ,0 FP/ 0 FN
number_of_runs,9
AVG_PERC_SEC_SAVED_WITH_TP,36.10073659093267
AVG_PERC_SEC_SAVED_WITH_FP,37.211847702043784
AVG_PERC_SEC_SAVED_WITH_FN,37.68803817823426
7-0@run1@7-0@run1@11.0Map.png,15,26.666666666666668,6vs11,60.0,5 TP/ 8 TN/ ,3 FP/ 0 FN
number_of_runs,10
AVG_PERC_SEC_SAVED_WITH_TP,35.157329598506074
AVG_PERC_SEC_SAVED_WITH_FP,39.4906629318394
AVG_PERC_SEC_SAVED_WITH_FN,36.5859010270775
7-1@run1@7-1@run1@5.0Map.png,7,28.57142857142857,4vs5,42.857142857142854,3 TP/ 4 TN/ ,1 FP/ 0 FN
number_of_runs,11
AVG_PERC_SEC_SAVED_WITH_TP,34.55861132331721
AVG_PERC_SEC_SAVED_WITH_FP,39.79670656141244
AVG_PERC_SEC_SAVED_WITH_FN,35.857312622018505
7-2@run1@7-2@run1@4.0Map.png,7,42.857142857142854,0,42.857142857142854,4 TP/ 4 TN/ ,0 FP/ 0 FN
number_of_runs,12
AVG_PERC_SEC_SAVED_WITH_TP,35.250155617802676
AVG_PERC_SEC_SAVED_WITH_FP,40.05174291938997
AVG_PERC_SEC_SAVED_WITH_FN,36.440631808278866
8-1@run1@8-1@run1@7.0Map.png,10,30.0,0,30.0,4 TP/ 7 TN/ ,0 FP/ 0 FN
number_of_runs,13
AVG_PERC_SEC_SAVED_WITH_TP,34.84629749335632
AVG_PERC_SEC_SAVED_WITH_FP,39.27853192559075
AVG_PERC_SEC_SAVED_WITH_FN,35.94519859225741
8-2@run1@8-2@run1@7.0Map.png,11,36.36363636363637,0,36.36363636363637,5 TP/ 7 TN/ ,0 FP/ 0 FN
number_of_runs,14
AVG_PERC_SEC_SAVED_WITH_TP,34.954678841233466
AVG_PERC_SEC_SAVED_WITH_FP,39.07032509973686
AVG_PERC_SEC_SAVED_WITH_FN,35.97508700449877
8-3@run1@8-3@run1@6.0Map.png,11,45.45454545454545,0,45.45454545454545,6 TP/ 5 TN/ ,0 FP/ 1 FN
number_of_runs,15
AVG_PERC_SEC_SAVED_WITH_TP,35.6546699487876
AVG_PERC_SEC_SAVED_WITH_FP,39.49593979005744
AVG_PERC_SEC_SAVED_WITH_FN,37.21311150722916
8-4@run1@8-4@run1@9.0Map.png,11,18.181818181818183,0,18.181818181818183,3 TP/ 9 TN/ ,0 FP/ 0 FN
number_of_runs,16
AVG_PERC_SEC_SAVED_WITH_TP,34.56261671335201
AVG_PERC_SEC_SAVED_WITH_FP,38.16380718954248
AVG_PERC_SEC_SAVED_WITH_FN,36.023655674390966
9-0@run1@9-0@run1@4.0Map.png,7,42.857142857142854,0,42.857142857142854,4 TP/ 4 TN/ ,0 FP/ 0 FN
number_of_runs,17
AVG_PERC_SEC_SAVED_WITH_TP,35.05053001592794
AVG_PERC_SEC_SAVED_WITH_FP,38.43988575822486
AVG_PERC_SEC_SAVED_WITH_FN,36.42562550867049
9-1@run1@9-1@run1@3.0Map.png,7,57.14285714285714,0,57.14285714285714,5 TP/ 3 TN/ ,0 FP/ 0 FN
number_of_runs,18
AVG_PERC_SEC_SAVED_WITH_TP,36.27788152297956
AVG_PERC_SEC_SAVED_WITH_FP,39.47893972403776
AVG_PERC_SEC_SAVED_WITH_FN,37.57658282168086
9-3@run1@9-3@run1@12.0Map.png,15,20.0,10vs12,33.33333333333333,4 TP/ 11 TN/ ,1 FP/ 0 FN
number_of_runs,19
AVG_PERC_SEC_SAVED_WITH_TP,35.42115091650695
AVG_PERC_SEC_SAVED_WITH_FP,39.15548675610595
AVG_PERC_SEC_SAVED_WITH_FN,36.651499515276605
10-0@run1@10-0@run1@15.0Map.png,22,31.818181818181817,0,31.818181818181817,8 TP/ 15 TN/ ,0 FP/ 0 FN
number_of_runs,20
AVG_PERC_SEC_SAVED_WITH_TP,35.241002461590696
AVG_PERC_SEC_SAVED_WITH_FP,38.78862150920975
AVG_PERC_SEC_SAVED_WITH_FN,36.409833630421865
10-2@run1@10-2@run1@9.0Map.png,14,35.714285714285715,0,35.714285714285715,6 TP/ 9 TN/ ,0 FP/ 0 FN
number_of_runs,21
AVG_PERC_SEC_SAVED_WITH_TP,35.26353975933808
AVG_PERC_SEC_SAVED_WITH_FP,38.642224566594315
AVG_PERC_SEC_SAVED_WITH_FN,36.376712301082044
11-2@run1@11-2@run1@4.0Map.png,6,33.33333333333333,0,33.33333333333333,3 TP/ 4 TN/ ,0 FP/ 0 FN
number_of_runs,22
AVG_PERC_SEC_SAVED_WITH_TP,35.17580310361059
AVG_PERC_SEC_SAVED_WITH_FP,38.40091132871882
AVG_PERC_SEC_SAVED_WITH_FN,36.23837689345711
11-3@run1@11-3@run1@3.0Map.png,6,50.0,0,50.0,4 TP/ 3 TN/ ,0 FP/ 0 FN
number_of_runs,23
AVG_PERC_SEC_SAVED_WITH_TP,35.82033340345361
AVG_PERC_SEC_SAVED_WITH_FP,38.905219531818
AVG_PERC_SEC_SAVED_WITH_FN,36.836708332872014
13-1@run1@13-1@run1@5.0Map.png,8,37.5,4vs5,50.0,4 TP/ 4 TN/ ,1 FP/ 0 FN
number_of_runs,24
AVG_PERC_SEC_SAVED_WITH_TP,35.89031951164304
AVG_PERC_SEC_SAVED_WITH_FP,39.36750205132558
AVG_PERC_SEC_SAVED_WITH_FN,36.86434548566901
16-0@run1@16-0@run1@6.0Map.png,9,33.33333333333333,0,33.33333333333333,4 TP/ 6 TN/ ,0 FP/ 0 FN
number_of_runs,25
AVG_PERC_SEC_SAVED_WITH_TP,35.78804006451065
AVG_PERC_SEC_SAVED_WITH_FP,39.126135302605896
AVG_PERC_SEC_SAVED_WITH_FN,36.72310499957559
16-1@run1@16-1@run1@7.0Map.png,9,22.22222222222222,0,22.22222222222222,3 TP/ 6 TN/ ,0 FP/ 1 FN
number_of_runs,26
AVG_PERC_SEC_SAVED_WITH_TP,35.26627783980725
AVG_PERC_SEC_SAVED_WITH_FP,38.475984799514215
AVG_PERC_SEC_SAVED_WITH_FN,36.59272916625858
16-2@run1@16-2@run1@8.0Map.png,12,33.33333333333333,0,33.33333333333333,5 TP/ 8 TN/ ,0 FP/ 0 FN
number_of_runs,27
AVG_PERC_SEC_SAVED_WITH_TP,35.19468730253044
AVG_PERC_SEC_SAVED_WITH_FP,38.2855162266927
AVG_PERC_SEC_SAVED_WITH_FN,36.47201080207616
16-4@run1@16-4@run1@5.0Map.png,10,50.0,0,50.0,6 TP/ 5 TN/ ,0 FP/ 0 FN
number_of_runs,28
AVG_PERC_SEC_SAVED_WITH_TP,35.723448470297214
AVG_PERC_SEC_SAVED_WITH_FP,38.70389064716796
AVG_PERC_SEC_SAVED_WITH_FN,36.95515327343059
16-5@run1@16-5@run1@7.0Map.png,10,30.0,0,30.0,4 TP/ 7 TN/ ,0 FP/ 0 FN
number_of_runs,29
AVG_PERC_SEC_SAVED_WITH_TP,35.526088178218
AVG_PERC_SEC_SAVED_WITH_FP,38.40375648692079
AVG_PERC_SEC_SAVED_WITH_FN,36.715320401932985
16-7@run1@16-7@run1@5.0Map.png,8,37.5,0,37.5,4 TP/ 5 TN/ ,0 FP/ 0 FN
number_of_runs,30
AVG_PERC_SEC_SAVED_WITH_TP,35.591885238944066
AVG_PERC_SEC_SAVED_WITH_FP,38.3736312706901
AVG_PERC_SEC_SAVED_WITH_FN,36.74147638853522
16-8@run1@16-8@run1@7.0Map.png,10,30.0,0,30.0,4 TP/ 7 TN/ ,0 FP/ 0 FN
number_of_runs,31
AVG_PERC_SEC_SAVED_WITH_TP,35.411501844139416
AVG_PERC_SEC_SAVED_WITH_FP,38.1035141329259
AVG_PERC_SEC_SAVED_WITH_FN,36.524009408259886
24-0@run1@24-0@run1@23.0Map.png,32,28.125,0,28.125,10 TP/ 23 TN/ ,0 FP/ 0 FN
number_of_runs,32
AVG_PERC_SEC_SAVED_WITH_TP,35.18379866151006
AVG_PERC_SEC_SAVED_WITH_FP,37.791685566271966
AVG_PERC_SEC_SAVED_WITH_FN,36.261540364251765
24-2@run1@24-2@run1@6.0Map.png,9,33.33333333333333,4vs6,55.55555555555556,4 TP/ 4 TN/ ,2 FP/ 0 FN
number_of_runs,33
AVG_PERC_SEC_SAVED_WITH_TP,35.12772395459561
AVG_PERC_SEC_SAVED_WITH_FP,38.32998465685632
AVG_PERC_SEC_SAVED_WITH_FN,36.1728068178603
24-3@run1@24-3@run1@5.0Map.png,8,37.5,0,37.5,4 TP/ 5 TN/ ,0 FP/ 0 FN
number_of_runs,34
AVG_PERC_SEC_SAVED_WITH_TP,35.197496779460444
AVG_PERC_SEC_SAVED_WITH_FP,38.30557334341937
AVG_PERC_SEC_SAVED_WITH_FN,36.21184191145264
24-4@run1@24-4@run1@10.0Map.png,19,47.368421052631575,5vs10,73.68421052631578,10 TP/ 9 TN/ ,1 FP/ 0 FN
number_of_runs,35
AVG_PERC_SEC_SAVED_WITH_TP,35.54523747297962
AVG_PERC_SEC_SAVED_WITH_FP,39.31639154864498
AVG_PERC_SEC_SAVED_WITH_FN,36.53060131548633
24-6@run1@24-6@run1@5.0Map.png,8,37.5,0,37.5,4 TP/ 5 TN/ ,0 FP/ 0 FN
number_of_runs,36
AVG_PERC_SEC_SAVED_WITH_TP,35.59953643206352
AVG_PERC_SEC_SAVED_WITH_FP,39.26593622784929
AVG_PERC_SEC_SAVED_WITH_FN,36.557529056722814
26-1@run1@26-1@run1@6.0Map.png,11,45.45454545454545,0,45.45454545454545,6 TP/ 6 TN/ ,0 FP/ 0 FN
number_of_runs,37
AVG_PERC_SEC_SAVED_WITH_TP,35.86588802726574
AVG_PERC_SEC_SAVED_WITH_FP,39.43319593667891
AVG_PERC_SEC_SAVED_WITH_FN,36.79798895936667
31-2@run1@31-2@run1@5.0Map.png,8,37.5,0,37.5,4 TP/ 4 TN/ ,0 FP/ 1 FN
number_of_runs,38
AVG_PERC_SEC_SAVED_WITH_TP,35.90889097391664
AVG_PERC_SEC_SAVED_WITH_FP,39.38232235939789
AVG_PERC_SEC_SAVED_WITH_FN,37.14541030254124
32-D8@run1@32-D8@run1@6.0Map.png,9,33.33333333333333,4vs6,55.55555555555556,4 TP/ 4 TN/ ,2 FP/ 0 FN
number_of_runs,39
AVG_PERC_SEC_SAVED_WITH_TP,35.8428510344145
AVG_PERC_SEC_SAVED_WITH_FP,39.79702064647886
AVG_PERC_SEC_SAVED_WITH_FN,37.04766473922821
32-G7@run1@32-G7@run1@11.0Map.png,16,31.25,3vs11,81.25,6 TP/ 4 TN/ ,7 FP/ 0 FN
number_of_runs,40
AVG_PERC_SEC_SAVED_WITH_TP,35.72802975855414
AVG_PERC_SEC_SAVED_WITH_FP,40.833345130316886
AVG_PERC_SEC_SAVED_WITH_FN,36.9027231207475
32-G9@run1@32-G9@run1@5.0Map.png,6,16.666666666666664,0,16.666666666666664,2 TP/ 5 TN/ ,0 FP/ 0 FN
number_of_runs,41
AVG_PERC_SEC_SAVED_WITH_TP,35.26311846363006
AVG_PERC_SEC_SAVED_WITH_FP,40.24391394827664
AVG_PERC_SEC_SAVED_WITH_FN,36.40916076820895
32D-8@run1@32D-8@run1@6.0Map.png,8,25.0,5vs6,37.5,3 TP/ 5 TN/ ,1 FP/ 0 FN
number_of_runs,42
AVG_PERC_SEC_SAVED_WITH_TP,35.018758500210296
AVG_PERC_SEC_SAVED_WITH_FP,40.17858266379386
AVG_PERC_SEC_SAVED_WITH_FN,36.137514083251595
32G-9@run1@32G-9@run1@4.0Map.png,7,42.857142857142854,0,42.857142857142854,4 TP/ 4 TN/ ,0 FP/ 0 FN
number_of_runs,43
AVG_PERC_SEC_SAVED_WITH_TP,35.201046508511055
AVG_PERC_SEC_SAVED_WITH_FP,40.240874761313606
AVG_PERC_SEC_SAVED_WITH_FN,36.293784519853716
33-2@run1@33-2@run1@6.0Map.png,10,40.0,0,40.0,5 TP/ 5 TN/ ,0 FP/ 1 FN
number_of_runs,44
AVG_PERC_SEC_SAVED_WITH_TP,35.31011363331762
AVG_PERC_SEC_SAVED_WITH_FP,40.235400334920115
AVG_PERC_SEC_SAVED_WITH_FN,36.60528941712977
33-4@run1@33-4@run1@6.0Map.png,10,40.0,0,40.0,5 TP/ 5 TN/ ,0 FP/ 1 FN
number_of_runs,45
AVG_PERC_SEC_SAVED_WITH_TP,35.41433333035501
AVG_PERC_SEC_SAVED_WITH_FP,40.230169216366335
AVG_PERC_SEC_SAVED_WITH_FN,36.90294965230466
35-0@run1@35-0@run1@7.0Map.png,12,41.66666666666667,0,41.66666666666667,6 TP/ 7 TN/ ,0 FP/ 0 FN
number_of_runs,46
AVG_PERC_SEC_SAVED_WITH_TP,35.55025362027482
AVG_PERC_SEC_SAVED_WITH_FP,40.26139742180765
AVG_PERC_SEC_SAVED_WITH_FN,37.00650871783427
35-1@run1@35-1@run1@5.0Map.png,9,44.44444444444444,0,44.44444444444444,5 TP/ 5 TN/ ,0 FP/ 0 FN
number_of_runs,47
AVG_PERC_SEC_SAVED_WITH_TP,35.73949172291673
AVG_PERC_SEC_SAVED_WITH_FP,40.35039842228928
AVG_PERC_SEC_SAVED_WITH_FN,37.164762669464274
35-2@run1@35-2@run1@8.0Map.png,11,27.27272727272727,0,27.27272727272727,4 TP/ 8 TN/ ,0 FP/ 0 FN
number_of_runs,48
AVG_PERC_SEC_SAVED_WITH_TP,35.56310079687112
AVG_PERC_SEC_SAVED_WITH_FP,40.07794694000674
AVG_PERC_SEC_SAVED_WITH_FN,36.95867859869892
35-4@run1@35-4@run1@15.0Map.png,19,21.052631578947366,0,21.052631578947366,5 TP/ 13 TN/ ,0 FP/ 2 FN
number_of_runs,49
AVG_PERC_SEC_SAVED_WITH_TP,35.26696877201553
AVG_PERC_SEC_SAVED_WITH_FP,39.689675197944304
AVG_PERC_SEC_SAVED_WITH_FN,36.848888165427944
36-0@run1@36-0@run1@9.0Map.png,13,30.76923076923077,0,30.76923076923077,5 TP/ 9 TN/ ,0 FP/ 0 FN
number_of_runs,50
AVG_PERC_SEC_SAVED_WITH_TP,35.177014011959834
AVG_PERC_SEC_SAVED_WITH_FP,39.51126630937003
AVG_PERC_SEC_SAVED_WITH_FN,36.727295017504
36-1@run1@36-1@run1@9.0Map.png,12,25.0,0,25.0,4 TP/ 9 TN/ ,0 FP/ 0 FN
number_of_runs,51
AVG_PERC_SEC_SAVED_WITH_TP,34.97746471760768
AVG_PERC_SEC_SAVED_WITH_FP,39.22673167585297
AVG_PERC_SEC_SAVED_WITH_FN,36.49734805637647
36-2@run1@36-2@run1@11.0Map.png,14,21.428571428571427,0,21.428571428571427,4 TP/ 8 TN/ ,0 FP/ 3 FN
number_of_runs,52
AVG_PERC_SEC_SAVED_WITH_TP,34.716909077433904
AVG_PERC_SEC_SAVED_WITH_FP,38.88445936340525
AVG_PERC_SEC_SAVED_WITH_FN,36.61965180254505
36-3@run1@36-3@run1@11.0Map.png,16,31.25,0,31.25,6 TP/ 11 TN/ ,0 FP/ 0 FN
number_of_runs,53
AVG_PERC_SEC_SAVED_WITH_TP,34.6514956986144
AVG_PERC_SEC_SAVED_WITH_FP,38.740412960322125
AVG_PERC_SEC_SAVED_WITH_FN,36.51833761759137
36-5@run1@36-5@run1@10.0Map.png,14,28.57142857142857,0vs10,100.0,5 TP/ 9 TN/ ,1 FP/ 0 FN
number_of_runs,54
AVG_PERC_SEC_SAVED_WITH_TP,34.53890186292577
AVG_PERC_SEC_SAVED_WITH_FP,39.874849757353196
AVG_PERC_SEC_SAVED_WITH_FN,36.37117263525503
36-6@run1@36-6@run1@5.0Map.png,8,37.5,0,37.5,4 TP/ 5 TN/ ,0 FP/ 0 FN
number_of_runs,55
AVG_PERC_SEC_SAVED_WITH_TP,34.592740010872575
AVG_PERC_SEC_SAVED_WITH_FP,39.831670670855864
AVG_PERC_SEC_SAVED_WITH_FN,36.39169676915948
36-7@run1@36-7@run1@13.0Map.png,15,13.333333333333334,0,13.333333333333334,3 TP/ 12 TN/ ,0 FP/ 1 FN
number_of_runs,56
AVG_PERC_SEC_SAVED_WITH_TP,34.21310774877366
AVG_PERC_SEC_SAVED_WITH_FP,39.35848607554296
AVG_PERC_SEC_SAVED_WITH_FN,36.098987898281635
36-8@run1@36-8@run1@12.0Map.png,15,20.0,11vs12,26.666666666666668,4 TP/ 11 TN/ ,1 FP/ 0 FN
number_of_runs,57
AVG_PERC_SEC_SAVED_WITH_TP,33.96375498125131
AVG_PERC_SEC_SAVED_WITH_FP,39.135822577141624
AVG_PERC_SEC_SAVED_WITH_FN,35.816549514101254
37-0@run1@37-0@run1@6.0Map.png,8,25.0,0,25.0,3 TP/ 6 TN/ ,0 FP/ 0 FN
number_of_runs,58
AVG_PERC_SEC_SAVED_WITH_TP,33.80920748157457
AVG_PERC_SEC_SAVED_WITH_FP,38.89210149822539
AVG_PERC_SEC_SAVED_WITH_FN,35.63005728109951
37-1@run1@37-1@run1@6.0Map.png,10,40.0,0,40.0,5 TP/ 6 TN/ ,0 FP/ 0 FN
number_of_runs,59
AVG_PERC_SEC_SAVED_WITH_TP,33.91413616832754
AVG_PERC_SEC_SAVED_WITH_FP,38.910879438933435
AVG_PERC_SEC_SAVED_WITH_FN,35.70412410684359
37-2@run1@37-2@run1@8.0Map.png,11,27.27272727272727,0,27.27272727272727,4 TP/ 8 TN/ ,0 FP/ 0 FN
number_of_runs,60
AVG_PERC_SEC_SAVED_WITH_TP,33.80344602006753
AVG_PERC_SEC_SAVED_WITH_FP,38.716910236163336
AVG_PERC_SEC_SAVED_WITH_FN,35.563600826274985
37-3@run1@37-3@run1@11.0Map.png,16,31.25,0,31.25,6 TP/ 11 TN/ ,0 FP/ 0 FN
number_of_runs,61
AVG_PERC_SEC_SAVED_WITH_TP,33.761586249246754
AVG_PERC_SEC_SAVED_WITH_FP,38.59450187163607
AVG_PERC_SEC_SAVED_WITH_FN,35.492886058631136
37-4@run1@37-4@run1@8.0Map.png,13,38.46153846153847,0,38.46153846153847,6 TP/ 8 TN/ ,0 FP/ 0 FN
number_of_runs,62
AVG_PERC_SEC_SAVED_WITH_TP,33.83739193009017
AVG_PERC_SEC_SAVED_WITH_FP,38.59235730050546
AVG_PERC_SEC_SAVED_WITH_FN,35.540767549000606
37-5@run1@37-5@run1@10.0Map.png,16,37.5,9vs10,43.75,7 TP/ 9 TN/ ,1 FP/ 0 FN
number_of_runs,63
AVG_PERC_SEC_SAVED_WITH_TP,33.89552856612048
AVG_PERC_SEC_SAVED_WITH_FP,38.67422464494188
AVG_PERC_SEC_SAVED_WITH_FN,35.57186647679425
38-1@run1@38-1@run1@6.0Map.png,10,40.0,0,40.0,5 TP/ 6 TN/ ,0 FP/ 0 FN
number_of_runs,64
AVG_PERC_SEC_SAVED_WITH_TP,33.99091093227485
AVG_PERC_SEC_SAVED_WITH_FP,38.69493988486467
AVG_PERC_SEC_SAVED_WITH_FN,35.64105606309434
39-1@run1@39-1@run1@2.0Map.png,6,66.66666666666666,0,66.66666666666666,5 TP/ 2 TN/ ,0 FP/ 0 FN
number_of_runs,65
AVG_PERC_SEC_SAVED_WITH_TP,34.493614866650105
AVG_PERC_SEC_SAVED_WITH_FP,39.125274143046234
AVG_PERC_SEC_SAVED_WITH_FN,36.11837314930314
39-2@run1@39-2@run1@8.0Map.png,16,50.0,0,50.0,9 TP/ 8 TN/ ,0 FP/ 0 FN
number_of_runs,66
AVG_PERC_SEC_SAVED_WITH_TP,34.72856009594329
AVG_PERC_SEC_SAVED_WITH_FP,39.29004271663644
AVG_PERC_SEC_SAVED_WITH_FN,36.328700828859155
39-4@run1@39-4@run1@10.0Map.png,12,16.666666666666664,0,16.666666666666664,3 TP/ 6 TN/ ,0 FP/ 4 FN
number_of_runs,67
AVG_PERC_SEC_SAVED_WITH_TP,34.45897959699886
AVG_PERC_SEC_SAVED_WITH_FP,38.952380387532415
AVG_PERC_SEC_SAVED_WITH_FN,36.532750070219464
39-6@run1@39-6@run1@7.0Map.png,10,30.0,6vs7,40.0,4 TP/ 6 TN/ ,1 FP/ 0 FN
number_of_runs,68
AVG_PERC_SEC_SAVED_WITH_TP,34.39340636763123
AVG_PERC_SEC_SAVED_WITH_FP,38.967786558304
AVG_PERC_SEC_SAVED_WITH_FN,36.43668021624565
41-0@run1@41-0@run1@3.0Map.png,7,57.14285714285714,0,57.14285714285714,5 TP/ 3 TN/ ,0 FP/ 0 FN
number_of_runs,69
AVG_PERC_SEC_SAVED_WITH_TP,34.72310855277943
AVG_PERC_SEC_SAVED_WITH_FP,39.23119337836999
AVG_PERC_SEC_SAVED_WITH_FN,36.73676973692118
41-1@run1@41-1@run1@5.0Map.png,8,37.5,3vs5,62.5,4 TP/ 3 TN/ ,2 FP/ 0 FN
number_of_runs,70
AVG_PERC_SEC_SAVED_WITH_TP,34.76277843059687
AVG_PERC_SEC_SAVED_WITH_FP,39.56360490153613
AVG_PERC_SEC_SAVED_WITH_FN,36.747673026393734
41-2@run1@41-2@run1@4.0Map.png,6,33.33333333333333,0,33.33333333333333,3 TP/ 4 TN/ ,0 FP/ 0 FN
number_of_runs,71
AVG_PERC_SEC_SAVED_WITH_TP,34.74264540105795
AVG_PERC_SEC_SAVED_WITH_FP,39.47585459775863
AVG_PERC_SEC_SAVED_WITH_FN,36.69958373494218
44-0@run1@44-0@run1@2.0Map.png,4,50.0,0,50.0,3 TP/ 2 TN/ ,0 FP/ 0 FN
number_of_runs,72
AVG_PERC_SEC_SAVED_WITH_TP,34.954553103821034
AVG_PERC_SEC_SAVED_WITH_FP,39.622023283900866
AVG_PERC_SEC_SAVED_WITH_FN,36.884311738623545
50-1@run1@50-1@run1@8.0Map.png,11,27.27272727272727,0,27.27272727272727,4 TP/ 8 TN/ ,0 FP/ 0 FN
number_of_runs,73
AVG_PERC_SEC_SAVED_WITH_TP,34.84932261298413
AVG_PERC_SEC_SAVED_WITH_FP,39.45285484539164
AVG_PERC_SEC_SAVED_WITH_FN,36.75264619799483
50-2@run1@50-2@run1@11.0Map.png,12,8.333333333333332,0,8.333333333333332,2 TP/ 11 TN/ ,0 FP/ 0 FN
number_of_runs,74
AVG_PERC_SEC_SAVED_WITH_TP,34.4909984335294
AVG_PERC_SEC_SAVED_WITH_FP,39.03232077090437
AVG_PERC_SEC_SAVED_WITH_FN,36.36860142955346
51-0@run1@51-0@run1@3.0Map.png,6,50.0,0,50.0,4 TP/ 3 TN/ ,0 FP/ 0 FN
number_of_runs,75
AVG_PERC_SEC_SAVED_WITH_TP,34.69778512108234
AVG_PERC_SEC_SAVED_WITH_FP,39.17855649395898
AVG_PERC_SEC_SAVED_WITH_FN,36.55035341049275
54-00@run1@54-00@run1@4.0Map.png,6,33.33333333333333,0,33.33333333333333,3 TP/ 4 TN/ ,0 FP/ 0 FN
number_of_runs,76
AVG_PERC_SEC_SAVED_WITH_TP,34.679831808085645
AVG_PERC_SEC_SAVED_WITH_FP,39.101645662898115
AVG_PERC_SEC_SAVED_WITH_FN,36.508024198951176
54-3@run1@54-3@run1@4.0Map.png,7,42.857142857142854,0,42.857142857142854,4 TP/ 4 TN/ ,0 FP/ 0 FN
number_of_runs,77
AVG_PERC_SEC_SAVED_WITH_TP,34.78603065287859
AVG_PERC_SEC_SAVED_WITH_FP,39.15041835373246
AVG_PERC_SEC_SAVED_WITH_FN,36.590480285421194
54-4@run1@54-4@run1@7.0Map.png,8,12.5,5vs7,37.5,2 TP/ 5 TN/ ,2 FP/ 0 FN
number_of_runs,78
AVG_PERC_SEC_SAVED_WITH_TP,34.500312311175016
AVG_PERC_SEC_SAVED_WITH_FP,39.12925914406922
AVG_PERC_SEC_SAVED_WITH_FN,36.28162797406964
54-5@run1@54-5@run1@4.0Map.png,6,33.33333333333333,0,33.33333333333333,3 TP/ 4 TN/ ,0 FP/ 0 FN
number_of_runs,79
AVG_PERC_SEC_SAVED_WITH_TP,34.485540425379554
AVG_PERC_SEC_SAVED_WITH_FP,39.05589299456624
AVG_PERC_SEC_SAVED_WITH_FN,36.24430778874387
54-6@run1@54-6@run1@5.0Map.png,8,37.5,0,37.5,4 TP/ 5 TN/ ,0 FP/ 0 FN
number_of_runs,80
AVG_PERC_SEC_SAVED_WITH_TP,34.523221170062314
AVG_PERC_SEC_SAVED_WITH_FP,39.03644433213417
AVG_PERC_SEC_SAVED_WITH_FN,36.26000394138457
54-7@run1@54-7@run1@4.0Map.png,6,33.33333333333333,0,33.33333333333333,3 TP/ 3 TN/ ,0 FP/ 1 FN
number_of_runs,81
AVG_PERC_SEC_SAVED_WITH_TP,34.50853119676936
AVG_PERC_SEC_SAVED_WITH_FP,38.966035554371196
AVG_PERC_SEC_SAVED_WITH_FN,36.42963352235513
54-8@run1@54-8@run1@5.0Map.png,8,37.5,0,37.5,4 TP/ 4 TN/ ,0 FP/ 1 FN
number_of_runs,82
AVG_PERC_SEC_SAVED_WITH_TP,34.54501252363803
AVG_PERC_SEC_SAVED_WITH_FP,38.94815707200081
AVG_PERC_SEC_SAVED_WITH_FN,36.59512579647275
54-11@run1@54-11@run1@10.0Map.png,11,9.090909090909092,0,9.090909090909092,2 TP/ 10 TN/ ,0 FP/ 0 FN
number_of_runs,83
AVG_PERC_SEC_SAVED_WITH_TP,34.23833657866539
AVG_PERC_SEC_SAVED_WITH_FP,38.58843119271055
AVG_PERC_SEC_SAVED_WITH_FN,36.26374969158644
54-12@run1@54-12@run1@4.0Map.png,6,33.33333333333333,0,33.33333333333333,3 TP/ 3 TN/ ,0 FP/ 1 FN
number_of_runs,84
AVG_PERC_SEC_SAVED_WITH_TP,34.227562730506676
AVG_PERC_SEC_SAVED_WITH_FP,38.52587050390844
AVG_PERC_SEC_SAVED_WITH_FN,36.42727648097232
54-13@run1@54-13@run1@3.0Map.png,6,50.0,0,50.0,4 TP/ 3 TN/ ,0 FP/ 0 FN
number_of_runs,85
AVG_PERC_SEC_SAVED_WITH_TP,34.41312081603013
AVG_PERC_SEC_SAVED_WITH_FP,38.660860262685986
AVG_PERC_SEC_SAVED_WITH_FN,36.58695558119617
54-14@run1@54-14@run1@5.0Map.png,15,66.66666666666666,0,66.66666666666666,11 TP/ 5 TN/ ,0 FP/ 0 FN
number_of_runs,86
AVG_PERC_SEC_SAVED_WITH_TP,34.78816204685148
AVG_PERC_SEC_SAVED_WITH_FP,38.98650917436018
AVG_PERC_SEC_SAVED_WITH_FN,36.936719663585365
54-15@run1@54-15@run1@6.0Map.png,11,45.45454545454545,0,45.45454545454545,6 TP/ 6 TN/ ,0 FP/ 0 FN
number_of_runs,87
AVG_PERC_SEC_SAVED_WITH_TP,34.9107641549859
AVG_PERC_SEC_SAVED_WITH_FP,39.06085441896001
AVG_PERC_SEC_SAVED_WITH_FN,37.03462570715962
54-16@run1@54-16@run1@7.0Map.png,8,12.5,0,12.5,2 TP/ 5 TN/ ,0 FP/ 2 FN
number_of_runs,88
AVG_PERC_SEC_SAVED_WITH_TP,34.65609638049742
AVG_PERC_SEC_SAVED_WITH_FP,38.759026527835466
AVG_PERC_SEC_SAVED_WITH_FN,37.03991405139644
54-17@run1@54-17@run1@4.0Map.png,8,50.0,0,50.0,5 TP/ 3 TN/ ,0 FP/ 1 FN
number_of_runs,89
AVG_PERC_SEC_SAVED_WITH_TP,34.8284997919525
AVG_PERC_SEC_SAVED_WITH_FP,38.88532960055642
AVG_PERC_SEC_SAVED_WITH_FN,37.32598243284142
54-18@run1@54-18@run1@4.0Map.png,8,50.0,0,50.0,5 TP/ 4 TN/ ,0 FP/ 0 FN
number_of_runs,90
AVG_PERC_SEC_SAVED_WITH_TP,34.997072016486364
AVG_PERC_SEC_SAVED_WITH_FP,39.00882593832801
AVG_PERC_SEC_SAVED_WITH_FN,37.4668048502543
56-0@run1@56-0@run1@10.0Map.png,13,23.076923076923077,0,23.076923076923077,4 TP/ 10 TN/ ,0 FP/ 0 FN
number_of_runs,91
AVG_PERC_SEC_SAVED_WITH_TP,34.86608136879885
AVG_PERC_SEC_SAVED_WITH_FP,38.83375008270818
AVG_PERC_SEC_SAVED_WITH_FN,37.30867428131659
56-1@run1@56-1@run1@6.0Map.png,9,33.33333333333333,0,33.33333333333333,4 TP/ 6 TN/ ,0 FP/ 0 FN
number_of_runs,92
AVG_PERC_SEC_SAVED_WITH_TP,34.84942106406554
AVG_PERC_SEC_SAVED_WITH_FP,38.773962944128016
AVG_PERC_SEC_SAVED_WITH_FN,37.26546405362112
56-2@run1@56-2@run1@7.0Map.png,11,36.36363636363637,0,36.36363636363637,5 TP/ 7 TN/ ,0 FP/ 0 FN
number_of_runs,93
AVG_PERC_SEC_SAVED_WITH_TP,34.86570294900716
AVG_PERC_SEC_SAVED_WITH_FP,38.748045454015205
AVG_PERC_SEC_SAVED_WITH_FN,37.2557669816858
56-3@run1@56-3@run1@8.0Map.png,12,33.33333333333333,0,33.33333333333333,5 TP/ 8 TN/ ,0 FP/ 0 FN
number_of_runs,94
AVG_PERC_SEC_SAVED_WITH_TP,34.849401144585094
AVG_PERC_SEC_SAVED_WITH_FP,38.69044213358242
AVG_PERC_SEC_SAVED_WITH_FN,37.21403896415014
56-4@run1@56-4@run1@8.0Map.png,13,38.46153846153847,0,38.46153846153847,6 TP/ 8 TN/ ,0 FP/ 0 FN
number_of_runs,95
AVG_PERC_SEC_SAVED_WITH_TP,34.88742364265829
AVG_PERC_SEC_SAVED_WITH_FP,38.688032621245114
AVG_PERC_SEC_SAVED_WITH_FN,37.227170537806856
56-5@run1@56-5@run1@9.0Map.png,15,40.0,0,40.0,7 TP/ 8 TN/ ,0 FP/ 1 FN
number_of_runs,96
AVG_PERC_SEC_SAVED_WITH_TP,34.9406796463806
AVG_PERC_SEC_SAVED_WITH_FP,38.70169894810714
AVG_PERC_SEC_SAVED_WITH_FN,37.32549862248248
56-6@run1@56-6@run1@8.0Map.png,12,33.33333333333333,0,33.33333333333333,5 TP/ 8 TN/ ,0 FP/ 0 FN
number_of_runs,97
AVG_PERC_SEC_SAVED_WITH_TP,34.924109065833726
AVG_PERC_SEC_SAVED_WITH_FP,38.64635497269711
AVG_PERC_SEC_SAVED_WITH_FN,37.28434227929538
56-7@run1@56-7@run1@9.0Map.png,13,30.76923076923077,0,30.76923076923077,5 TP/ 9 TN/ ,0 FP/ 0 FN
number_of_runs,98
AVG_PERC_SEC_SAVED_WITH_TP,34.881712348521454
AVG_PERC_SEC_SAVED_WITH_FP,38.56597615429439
AVG_PERC_SEC_SAVED_WITH_FN,37.21786154960084
56-8@run1@56-8@run1@12.0Map.png,18,33.33333333333333,0,33.33333333333333,7 TP/ 12 TN/ ,0 FP/ 0 FN
number_of_runs,99
AVG_PERC_SEC_SAVED_WITH_TP,34.866072156448844
AVG_PERC_SEC_SAVED_WITH_FP,38.513121176304885
AVG_PERC_SEC_SAVED_WITH_FN,37.178623890850666
66-00@run1@66-00@run1@9.0Map.png,13,30.76923076923077,7vs9,46.15384615384615,5 TP/ 7 TN/ ,2 FP/ 0 FN
number_of_runs,100
AVG_PERC_SEC_SAVED_WITH_TP,34.825103742576665
AVG_PERC_SEC_SAVED_WITH_FP,38.5895284260803
AVG_PERC_SEC_SAVED_WITH_FN,37.11452995963447
66-4@run1@66-4@run1@15.0Map.png,18,16.666666666666664,0,16.666666666666664,4 TP/ 15 TN/ ,0 FP/ 0 FN
number_of_runs,101
AVG_PERC_SEC_SAVED_WITH_TP,34.64531723687458
AVG_PERC_SEC_SAVED_WITH_FP,38.37247038885838
AVG_PERC_SEC_SAVED_WITH_FN,36.912075867624885
66-5@run1@66-5@run1@21.0Map.png,27,22.22222222222222,0,22.22222222222222,7 TP/ 21 TN/ ,0 FP/ 0 FN
66-5@run2@66-5@run2@14.0Map.png,20,30.0,12vs14,40.0,7 TP/ 12 TN/ ,2 FP/ 0 FN
number_of_runs,103
AVG_PERC_SEC_SAVED_WITH_TP,34.4796044965685
AVG_PERC_SEC_SAVED_WITH_FP,38.23147312132931
AVG_PERC_SEC_SAVED_WITH_FN,36.702348396624615
50025630@run1@50025630@run1@3.0Map.png,6,50.0,2vs3,66.66666666666666,4 TP/ 2 TN/ ,1 FP/ 0 FN
number_of_runs,104
AVG_PERC_SEC_SAVED_WITH_TP,34.62883906871688
AVG_PERC_SEC_SAVED_WITH_FP,38.50488844388063
AVG_PERC_SEC_SAVED_WITH_FN,36.830210431272455
50025631@run1@50025631@run1@16.0Map.png,18,11.11111111111111,0,11.11111111111111,3 TP/ 16 TN/ ,0 FP/ 0 FN
number_of_runs,105
AVG_PERC_SEC_SAVED_WITH_TP,34.404860707215875
AVG_PERC_SEC_SAVED_WITH_FP,38.24399532642568
AVG_PERC_SEC_SAVED_WITH_FN,36.5852666282233
50025632@run1@50025632@run1@7.0Map.png,10,30.0,0,30.0,4 TP/ 7 TN/ ,0 FP/ 0 FN
number_of_runs,106
AVG_PERC_SEC_SAVED_WITH_TP,34.363305417525154
AVG_PERC_SEC_SAVED_WITH_FP,38.16622178561035
AVG_PERC_SEC_SAVED_WITH_FN,36.52314147135327
50025633@run1@50025633@run1@7.0Map.png,9,22.22222222222222,0,22.22222222222222,3 TP/ 7 TN/ ,0 FP/ 0 FN
number_of_runs,107
AVG_PERC_SEC_SAVED_WITH_TP,34.249837350279336
AVG_PERC_SEC_SAVED_WITH_FP,38.01721244389644
AVG_PERC_SEC_SAVED_WITH_FN,36.38948802042682
50041170@run1@50041170@run1@7.0Map.png,11,36.36363636363637,6vs7,45.45454545454545,5 TP/ 6 TN/ ,1 FP/ 0 FN
number_of_runs,108
AVG_PERC_SEC_SAVED_WITH_TP,34.269409563365976
AVG_PERC_SEC_SAVED_WITH_FP,38.086076638439486
AVG_PERC_SEC_SAVED_WITH_FN,36.38924865323431
50041172@run1@50041172@run1@8.0Map.png,13,38.46153846153847,0,38.46153846153847,6 TP/ 8 TN/ ,0 FP/ 0 FN
number_of_runs,109
AVG_PERC_SEC_SAVED_WITH_TP,34.30786946151435
AVG_PERC_SEC_SAVED_WITH_FP,38.089521242321126
AVG_PERC_SEC_SAVED_WITH_FN,36.40826048633802
50041173@run1@50041173@run1@8.0Map.png,12,33.33333333333333,0,33.33333333333333,5 TP/ 8 TN/ ,0 FP/ 0 FN
number_of_runs,110
AVG_PERC_SEC_SAVED_WITH_TP,34.29901004216725
AVG_PERC_SEC_SAVED_WITH_FP,38.04628317042123
AVG_PERC_SEC_SAVED_WITH_FN,36.380306603128886
50041174@run1@50041174@run1@8.0Map.png,12,33.33333333333333,0,33.33333333333333,5 TP/ 8 TN/ ,0 FP/ 0 FN
number_of_runs,111
AVG_PERC_SEC_SAVED_WITH_TP,34.290310251997575
AVG_PERC_SEC_SAVED_WITH_FP,38.003824162879894
AVG_PERC_SEC_SAVED_WITH_FN,36.35285639349109
50041185@run1@50041185@run1@12.0Map.png,18,33.33333333333333,0,33.33333333333333,7 TP/ 12 TN/ ,0 FP/ 0 FN
number_of_runs,112
AVG_PERC_SEC_SAVED_WITH_TP,34.281765815223785
AVG_PERC_SEC_SAVED_WITH_FP,37.9621233519018
AVG_PERC_SEC_SAVED_WITH_FN,36.32589636616826
50041192@run1@50041192@run1@17.0Map.png,18,5.555555555555555,0,5.555555555555555,2 TP/ 17 TN/ ,0 FP/ 0 FN
number_of_runs,113
AVG_PERC_SEC_SAVED_WITH_TP,34.02755156513823
AVG_PERC_SEC_SAVED_WITH_FP,37.67533956609343
AVG_PERC_SEC_SAVED_WITH_FN,36.05359246518938
50045228@run1@50045228@run1@5.0Map.png,8,37.5,0,37.5,4 TP/ 5 TN/ ,0 FP/ 0 FN
number_of_runs,114
AVG_PERC_SEC_SAVED_WITH_TP,34.058011639128246
AVG_PERC_SEC_SAVED_WITH_FP,37.673801499724185
AVG_PERC_SEC_SAVED_WITH_FN,36.06628025058245
50045229@run1@50045229@run1@7.0Map.png,12,41.66666666666667,0,41.66666666666667,6 TP/ 7 TN/ ,0 FP/ 0 FN
number_of_runs,115
AVG_PERC_SEC_SAVED_WITH_TP,34.124173856759015
AVG_PERC_SEC_SAVED_WITH_FP,37.70852206639325
AVG_PERC_SEC_SAVED_WITH_FN,36.114979262896235
50045230@run1@50045230@run1@12.0Map.png,13,7.6923076923076925,0,7.6923076923076925,2 TP/ 8 TN/ ,0 FP/ 4 FN
number_of_runs,116
AVG_PERC_SEC_SAVED_WITH_TP,33.896312941548224
AVG_PERC_SEC_SAVED_WITH_FP,37.44976159765113
AVG_PERC_SEC_SAVED_WITH_FN,36.135208221505216
50045231@run1@50045231@run1@4.0Map.png,8,50.0,0vs4,100.0,5 TP/ 3 TN/ ,1 FP/ 0 FN
number_of_runs,117
AVG_PERC_SEC_SAVED_WITH_TP,34.033951292475166
AVG_PERC_SEC_SAVED_WITH_FP,37.98437901989343
AVG_PERC_SEC_SAVED_WITH_FN,36.25371071533851
50045232@run1@50045232@run1@16.0Map.png,24,33.33333333333333,0,33.33333333333333,9 TP/ 11 TN/ ,0 FP/ 5 FN
number_of_runs,118
AVG_PERC_SEC_SAVED_WITH_TP,34.02801385214345
AVG_PERC_SEC_SAVED_WITH_FP,37.9449633784819
AVG_PERC_SEC_SAVED_WITH_FN,36.40551542679044
50045367@run1@50045367@run1@8.0Map.png,10,20.0,6vs8,40.0,3 TP/ 7 TN/ ,1 FP/ 0 FN
number_of_runs,119
AVG_PERC_SEC_SAVED_WITH_TP,33.91013138279771
AVG_PERC_SEC_SAVED_WITH_FP,37.96223259378878
AVG_PERC_SEC_SAVED_WITH_FN,36.26765395261573
50045368@run1@50045368@run1@5.0Map.png,9,44.44444444444444,0,44.44444444444444,5 TP/ 5 TN/ ,0 FP/ 0 FN
number_of_runs,120
AVG_PERC_SEC_SAVED_WITH_TP,33.9979173249781
AVG_PERC_SEC_SAVED_WITH_FP,38.01625102587757
AVG_PERC_SEC_SAVED_WITH_FN,36.33579387338097
50052748@run1@50052748@run1@5.0Map.png,8,37.5,0,37.5,4 TP/ 5 TN/ ,0 FP/ 0 FN
number_of_runs,121
AVG_PERC_SEC_SAVED_WITH_TP,34.02686015700307
AVG_PERC_SEC_SAVED_WITH_FP,38.01198448847363
AVG_PERC_SEC_SAVED_WITH_FN,36.34541541161749
50052749@run1@50052749@run1@10.0Map.png,11,9.090909090909092,6vs10,45.45454545454545,2 TP/ 6 TN/ ,3 FP/ 1 FN
number_of_runs,122
AVG_PERC_SEC_SAVED_WITH_TP,33.822467115477714
AVG_PERC_SEC_SAVED_WITH_FP,38.072989086556184
AVG_PERC_SEC_SAVED_WITH_FN,36.19653346711094
50052750@run1@50052750@run1@7.0Map.png,10,30.0,0,30.0,4 TP/ 7 TN/ ,0 FP/ 0 FN
number_of_runs,123
AVG_PERC_SEC_SAVED_WITH_TP,33.7913901470592
AVG_PERC_SEC_SAVED_WITH_FP,38.0073550289419
AVG_PERC_SEC_SAVED_WITH_FN,36.14615514624012
50052751@run1@50052751@run1@4.0Map.png,8,50.0,0,50.0,5 TP/ 4 TN/ ,0 FP/ 0 FN
number_of_runs,124
AVG_PERC_SEC_SAVED_WITH_TP,33.92210474264743
AVG_PERC_SEC_SAVED_WITH_FP,38.10406990774076
AVG_PERC_SEC_SAVED_WITH_FN,36.25787970151237
50052752@run1@50052752@run1@3.0Map.png,6,50.0,0,50.0,4 TP/ 3 TN/ ,0 FP/ 0 FN
number_of_runs,125
AVG_PERC_SEC_SAVED_WITH_TP,34.05072790470625
AVG_PERC_SEC_SAVED_WITH_FP,38.19923734847883
AVG_PERC_SEC_SAVED_WITH_FN,36.36781666390027
50052753@run1@50052753@run1@5.0Map.png,7,28.57142857142857,0,28.57142857142857,3 TP/ 4 TN/ ,0 FP/ 1 FN
number_of_runs,126
AVG_PERC_SEC_SAVED_WITH_TP,34.00724140206118
AVG_PERC_SEC_SAVED_WITH_FP,38.122826167708595
AVG_PERC_SEC_SAVED_WITH_FN,36.419319252735534
50052754@run1@50052754@run1@3.0Map.png,6,50.0,0,50.0,4 TP/ 3 TN/ ,0 FP/ 0 FN
number_of_runs,127
AVG_PERC_SEC_SAVED_WITH_TP,34.13316863511582
AVG_PERC_SEC_SAVED_WITH_FP,38.21634722150616
AVG_PERC_SEC_SAVED_WITH_FN,36.526253746808486
50055638@run1@50055638@run1@9.0Map.png,13,30.76923076923077,8vs9,38.46153846153847,5 TP/ 8 TN/ ,1 FP/ 0 FN
number_of_runs,128
AVG_PERC_SEC_SAVED_WITH_TP,34.10688787053859
AVG_PERC_SEC_SAVED_WITH_FP,38.21826277806891
AVG_PERC_SEC_SAVED_WITH_FN,36.481277004796155
50055639@run1@50055639@run1@10.0Map.png,14,28.57142857142857,0,28.57142857142857,5 TP/ 10 TN/ ,0 FP/ 0 FN
number_of_runs,129
AVG_PERC_SEC_SAVED_WITH_TP,34.06397733333619
AVG_PERC_SEC_SAVED_WITH_FP,38.14348111755232
AVG_PERC_SEC_SAVED_WITH_FN,36.419960350273925
50055640@run1@50055640@run1@12.0Map.png,15,20.0,10vs12,33.33333333333333,4 TP/ 10 TN/ ,2 FP/ 0 FN
number_of_runs,130
AVG_PERC_SEC_SAVED_WITH_TP,33.95579289231053
AVG_PERC_SEC_SAVED_WITH_FP,38.106479980750635
AVG_PERC_SEC_SAVED_WITH_FN,36.293652962964124
50056457@run1@50056457@run1@4.0Map.png,7,42.857142857142854,0,42.857142857142854,4 TP/ 4 TN/ ,0 FP/ 0 FN
number_of_runs,131
AVG_PERC_SEC_SAVED_WITH_TP,34.023742128683296
AVG_PERC_SEC_SAVED_WITH_FP,38.1427445828605
AVG_PERC_SEC_SAVED_WITH_FN,36.343755939255566
50056458@run1@50056458@run1@5.0Map.png,8,37.5,0,37.5,4 TP/ 5 TN/ ,0 FP/ 0 FN
number_of_runs,132
AVG_PERC_SEC_SAVED_WITH_TP,34.05007741558721
AVG_PERC_SEC_SAVED_WITH_FP,38.137875305717614
AVG_PERC_SEC_SAVED_WITH_FN,36.352515363958176
50056459@run1@50056459@run1@7.0Map.png,10,30.0,0,30.0,4 TP/ 7 TN/ ,0 FP/ 0 FN
number_of_runs,133
AVG_PERC_SEC_SAVED_WITH_TP,34.019625705695574
AVG_PERC_SEC_SAVED_WITH_FP,38.0766882733438
AVG_PERC_SEC_SAVED_WITH_FN,36.30475209054496
50057022@run1@50057022@run1@11.0Map.png,12,8.333333333333332,0,8.333333333333332,2 TP/ 11 TN/ ,0 FP/ 0 FN
number_of_runs,134
AVG_PERC_SEC_SAVED_WITH_TP,33.827936956648095
AVG_PERC_SEC_SAVED_WITH_FP,37.854722937970585
AVG_PERC_SEC_SAVED_WITH_FN,36.096010159520986
50057023@run1@50057023@run1@6.0Map.png,11,45.45454545454545,0,45.45454545454545,6 TP/ 6 TN/ ,0 FP/ 0 FN
number_of_runs,135
AVG_PERC_SEC_SAVED_WITH_TP,33.91405998255844
AVG_PERC_SEC_SAVED_WITH_FP,37.91101791957484
AVG_PERC_SEC_SAVED_WITH_FN,36.16533264318783
50057024@run1@50057024@run1@4.0Map.png,6,33.33333333333333,0,33.33333333333333,3 TP/ 4 TN/ ,0 FP/ 0 FN
number_of_runs,136
AVG_PERC_SEC_SAVED_WITH_TP,33.90978993366708
AVG_PERC_SEC_SAVED_WITH_FP,37.87735847408777
AVG_PERC_SEC_SAVED_WITH_FN,36.144509118850664
0510025536_Layout1_PLAN4@run1@0510025536_Layout1_PLAN4@run1@4.0Map.png,6,33.33333333333333,3vs4,50.0,3 TP/ 3 TN/ ,1 FP/ 0 FN
number_of_runs,137
AVG_PERC_SEC_SAVED_WITH_TP,33.90558222125588
AVG_PERC_SEC_SAVED_WITH_FP,37.96584490858348
AVG_PERC_SEC_SAVED_WITH_FN,36.12398958756952
0510025537_Layout1_PLAN3@run1@0510025537_Layout1_PLAN3@run1@3.0Map.png,8,62.5,0,62.5,6 TP/ 3 TN/ ,0 FP/ 0 FN
number_of_runs,138
AVG_PERC_SEC_SAVED_WITH_TP,34.11278814718881
AVG_PERC_SEC_SAVED_WITH_FP,38.14362864112997
AVG_PERC_SEC_SAVED_WITH_FN,36.31512009780452
0510030965_A-40@run1@0510030965_A-40@run1@4.0Map.png,7,42.857142857142854,0,42.857142857142854,4 TP/ 4 TN/ ,0 FP/ 0 FN
number_of_runs,139
AVG_PERC_SEC_SAVED_WITH_TP,34.17569717387913
AVG_PERC_SEC_SAVED_WITH_FP,38.1775388153459
AVG_PERC_SEC_SAVED_WITH_FN,36.362185009742205
0510030966_A-40@run1@0510030966_A-40@run1@5.0Map.png,8,37.5,0,37.5,4 TP/ 5 TN/ ,0 FP/ 0 FN
number_of_runs,140
AVG_PERC_SEC_SAVED_WITH_TP,34.1994421940657
AVG_PERC_SEC_SAVED_WITH_FP,38.17269925237914
AVG_PERC_SEC_SAVED_WITH_FN,36.370312259672616
0510030967_A-40@run1@0510030967_A-40@run1@4.0Map.png,9,55.55555555555556,0,55.55555555555556,6 TP/ 4 TN/ ,0 FP/ 0 FN
number_of_runs,141
AVG_PERC_SEC_SAVED_WITH_TP,34.35090399095571
AVG_PERC_SEC_SAVED_WITH_FP,38.295981921195995
AVG_PERC_SEC_SAVED_WITH_FN,36.50637781496257
0510030968_A-40@run1@0510030968_A-40@run1@3.0Map.png,7,57.14285714285714,0,57.14285714285714,5 TP/ 3 TN/ ,0 FP/ 0 FN
number_of_runs,142
AVG_PERC_SEC_SAVED_WITH_TP,34.51141070329304
AVG_PERC_SEC_SAVED_WITH_FP,38.42870639458797
AVG_PERC_SEC_SAVED_WITH_FN,36.65170513417309
0510032192_A_40_1_103@run1@0510032192_A_40_1_103@run1@8.0Map.png,12,33.33333333333333,0,33.33333333333333,5 TP/ 8 TN/ ,0 FP/ 0 FN
number_of_runs,143
AVG_PERC_SEC_SAVED_WITH_TP,34.503172400006605
AVG_PERC_SEC_SAVED_WITH_FP,38.393074415138635
AVG_PERC_SEC_SAVED_WITH_FN,36.62849973696442
0510032192_A_40_1_203@run1@0510032192_A_40_1_203@run1@10.0Map.png,14,28.57142857142857,0,28.57142857142857,5 TP/ 10 TN/ ,0 FP/ 0 FN
number_of_runs,144
AVG_PERC_SEC_SAVED_WITH_TP,34.46197973453037
AVG_PERC_SEC_SAVED_WITH_FP,38.324868541223985
AVG_PERC_SEC_SAVED_WITH_FN,36.57254785387042
0510032194_A_40_1_102@run1@0510032194_A_40_1_102@run1@7.0Map.png,11,36.36363636363637,0,36.36363636363637,5 TP/ 7 TN/ ,0 FP/ 0 FN
number_of_runs,145
AVG_PERC_SEC_SAVED_WITH_TP,34.47509460783454
AVG_PERC_SEC_SAVED_WITH_FP,38.311342802068204
AVG_PERC_SEC_SAVED_WITH_FN,36.571107084972255
0510032194_A_40_1_202@run1@0510032194_A_40_1_202@run1@8.0Map.png,11,27.27272727272727,0,27.27272727272727,4 TP/ 7 TN/ ,0 FP/ 1 FN
number_of_runs,146
AVG_PERC_SEC_SAVED_WITH_TP,34.425763324717366
AVG_PERC_SEC_SAVED_WITH_FP,38.23573584638778
AVG_PERC_SEC_SAVED_WITH_FN,36.56968605263433
0510032216_A-40@run1@0510032216_A-40@run1@6.0Map.png,14,57.14285714285714,0,57.14285714285714,9 TP/ 6 TN/ ,0 FP/ 0 FN
number_of_runs,147
AVG_PERC_SEC_SAVED_WITH_TP,34.58030137790199
AVG_PERC_SEC_SAVED_WITH_FP,38.36435571915288
AVG_PERC_SEC_SAVED_WITH_FN,36.70963959746578
0510032217_A-40@run1@0510032217_A-40@run1@27.0Map.png,36,25.0,25vs27,30.555555555555557,10 TP/ 25 TN/ ,2 FP/ 0 FN
number_of_runs,148
AVG_PERC_SEC_SAVED_WITH_TP,34.51556961183508
AVG_PERC_SEC_SAVED_WITH_FP,38.31159355588533
AVG_PERC_SEC_SAVED_WITH_FN,36.63052041099642
0510032218_A-40@run1@0510032218_A-40@run1@9.0Map.png,11,18.181818181818183,0,18.181818181818183,3 TP/ 9 TN/ ,0 FP/ 0 FN
number_of_runs,149
AVG_PERC_SEC_SAVED_WITH_TP,34.405947119016176
AVG_PERC_SEC_SAVED_WITH_FP,38.17649439230099
AVG_PERC_SEC_SAVED_WITH_FN,36.506703617511995
0510032258_A_40_1_105@run1@0510032258_A_40_1_105@run1@4.0Map.png,6,33.33333333333333,0,33.33333333333333,3 TP/ 4 TN/ ,0 FP/ 0 FN
number_of_runs,150
AVG_PERC_SEC_SAVED_WITH_TP,34.398796360444955
AVG_PERC_SEC_SAVED_WITH_FP,38.144206651907865
AVG_PERC_SEC_SAVED_WITH_FN,36.48554781561747
0510032260_A_40_1_102@run1@0510032260_A_40_1_102@run1@7.0Map.png,14,50.0,0,50.0,8 TP/ 7 TN/ ,0 FP/ 0 FN
number_of_runs,151
AVG_PERC_SEC_SAVED_WITH_TP,34.502115589845985
AVG_PERC_SEC_SAVED_WITH_FP,38.222721839643576
AVG_PERC_SEC_SAVED_WITH_FN,36.57504749895775
0510032267_A_40_1_101@run1@0510032267_A_40_1_101@run1@6.0Map.png,8,25.0,0,25.0,3 TP/ 6 TN/ ,0 FP/ 0 FN
number_of_runs,152
AVG_PERC_SEC_SAVED_WITH_TP,34.43960167149174
AVG_PERC_SEC_SAVED_WITH_FP,38.13573024859329
AVG_PERC_SEC_SAVED_WITH_FN,36.498895870675135
0510032268_A_40_1_102@run1@0510032268_A_40_1_102@run1@6.0Map.png,8,25.0,5vs6,37.5,3 TP/ 5 TN/ ,1 FP/ 0 FN
number_of_runs,153
AVG_PERC_SEC_SAVED_WITH_TP,34.37790492854081
AVG_PERC_SEC_SAVED_WITH_FP,38.13157514892928
AVG_PERC_SEC_SAVED_WITH_FN,36.42373968851386
0510032270_A_40_1_104@run1@0510032270_A_40_1_104@run1@7.0Map.png,10,30.0,0,30.0,4 TP/ 6 TN/ ,0 FP/ 1 FN
number_of_runs,154
AVG_PERC_SEC_SAVED_WITH_TP,34.34947697445937
AVG_PERC_SEC_SAVED_WITH_FP,38.078772712897276
AVG_PERC_SEC_SAVED_WITH_FN,36.44696215806896
0510032271_A_40_1_105@run1@0510032271_A_40_1_105@run1@3.0Map.png,7,57.14285714285714,0,57.14285714285714,5 TP/ 3 TN/ ,0 FP/ 0 FN
number_of_runs,155
AVG_PERC_SEC_SAVED_WITH_TP,34.49653104006194
AVG_PERC_SEC_SAVED_WITH_FP,38.201766805993785
AVG_PERC_SEC_SAVED_WITH_FN,36.58048406119663
0510034689_Layout1@run1@0510034689_Layout1@run1@6.0Map.png,9,33.33333333333333,5vs6,44.44444444444444,4 TP/ 5 TN/ ,1 FP/ 0 FN
number_of_runs,156
AVG_PERC_SEC_SAVED_WITH_TP,34.48907464450598
AVG_PERC_SEC_SAVED_WITH_FP,38.24178397034283
AVG_PERC_SEC_SAVED_WITH_FN,36.55966899242827
0510034690_Layout1@run1@0510034690_Layout1@run1@6.0Map.png,9,33.33333333333333,0,33.33333333333333,4 TP/ 5 TN/ ,0 FP/ 1 FN
number_of_runs,157
AVG_PERC_SEC_SAVED_WITH_TP,34.48171323488068
AVG_PERC_SEC_SAVED_WITH_FP,38.21051995354659
AVG_PERC_SEC_SAVED_WITH_FN,36.609890492122645
0510034692_Layout1@run1@0510034692_Layout1@run1@5.0Map.png,7,28.57142857142857,0,28.57142857142857,3 TP/ 5 TN/ ,0 FP/ 0 FN
number_of_runs,158
AVG_PERC_SEC_SAVED_WITH_TP,34.444306369922124
AVG_PERC_SEC_SAVED_WITH_FP,38.149513046064826
AVG_PERC_SEC_SAVED_WITH_FN,36.55901415085243
0510034693_Layout1@run1@0510034693_Layout1@run1@6.0Map.png,13,53.84615384615385,0,53.84615384615385,8 TP/ 5 TN/ ,0 FP/ 1 FN
number_of_runs,159
AVG_PERC_SEC_SAVED_WITH_TP,34.56633056788584
AVG_PERC_SEC_SAVED_WITH_FP,38.24823405738614
AVG_PERC_SEC_SAVED_WITH_FN,36.716117593541796
0510034839_A-40.1-101@run1@0510034839_A-40.1-101@run1@3.0Map.png,7,57.14285714285714,0vs3,100.0,5 TP/ 2 TN/ ,1 FP/ 0 FN
number_of_runs,160
AVG_PERC_SEC_SAVED_WITH_TP,34.707433858979414
AVG_PERC_SEC_SAVED_WITH_FP,38.63418259452748
AVG_PERC_SEC_SAVED_WITH_FN,36.843784715725015
0510034840_A-40.1-102@run1@0510034840_A-40.1-102@run1@2.0Map.png,4,50.0,0,50.0,3 TP/ 2 TN/ ,0 FP/ 0 FN
number_of_runs,161
AVG_PERC_SEC_SAVED_WITH_TP,34.80241874184289
AVG_PERC_SEC_SAVED_WITH_FP,38.704777733691905
AVG_PERC_SEC_SAVED_WITH_FN,36.92550033860871
0510034841_A-40.1-103@run1@0510034841_A-40.1-103@run1@2.0Map.png,4,50.0,0,50.0,3 TP/ 2 TN/ ,0 FP/ 0 FN
number_of_runs,162
AVG_PERC_SEC_SAVED_WITH_TP,34.89623097183152
AVG_PERC_SEC_SAVED_WITH_FP,38.77450132792838
AVG_PERC_SEC_SAVED_WITH_FN,37.00620712664199
0510034859_A-40@run1@0510034859_A-40@run1@2.0Map.png,4,50.0,1vs2,75.0,3 TP/ 1 TN/ ,1 FP/ 0 FN
number_of_runs,163
AVG_PERC_SEC_SAVED_WITH_TP,34.98889213151354
AVG_PERC_SEC_SAVED_WITH_FP,38.99674365106992
AVG_PERC_SEC_SAVED_WITH_FN,37.08592364733744
0510034860_A-40@run1@0510034860_A-40@run1@2.0Map.png,4,50.0,0,50.0,3 TP/ 2 TN/ ,0 FP/ 0 FN
number_of_runs,164
AVG_PERC_SEC_SAVED_WITH_TP,35.080423277053086
AVG_PERC_SEC_SAVED_WITH_FP,39.06383667758779
AVG_PERC_SEC_SAVED_WITH_FN,37.164668015341476
0510034861_A-40@run1@0510034861_A-40@run1@2.0Map.png,4,50.0,0,50.0,3 TP/ 2 TN/ ,0 FP/ 0 FN
number_of_runs,165
AVG_PERC_SEC_SAVED_WITH_TP,35.17084495416186
AVG_PERC_SEC_SAVED_WITH_FP,39.13011645529938
AVG_PERC_SEC_SAVED_WITH_FN,37.24245790615759
0510034868_A-40@run1@0510034868_A-40@run1@3.0Map.png,5,40.0,0,40.0,3 TP/ 3 TN/ ,0 FP/ 0 FN
number_of_runs,166
AVG_PERC_SEC_SAVED_WITH_TP,35.19993624961871
AVG_PERC_SEC_SAVED_WITH_FP,39.13535671761685
AVG_PERC_SEC_SAVED_WITH_FN,37.259069605518086
0510034869_A-40@run1@0510034869_A-40@run1@4.0Map.png,7,42.857142857142854,0,42.857142857142854,4 TP/ 4 TN/ ,0 FP/ 0 FN
number_of_runs,167
AVG_PERC_SEC_SAVED_WITH_TP,35.24578778619072
AVG_PERC_SEC_SAVED_WITH_FP,39.15764286216491
AVG_PERC_SEC_SAVED_WITH_FN,37.2925910022344
0510035341_A_40_1_103@run1@0510035341_A_40_1_103@run1@10.0Map.png,14,28.57142857142857,0,28.57142857142857,5 TP/ 10 TN/ ,0 FP/ 0 FN
number_of_runs,168
AVG_PERC_SEC_SAVED_WITH_TP,35.20605945753142
AVG_PERC_SEC_SAVED_WITH_FP,39.09462968186291
AVG_PERC_SEC_SAVED_WITH_FN,37.24067932109865
0510035343_A_40_1_102@run1@0510035343_A_40_1_102@run1@8.0Map.png,12,33.33333333333333,0,33.33333333333333,5 TP/ 7 TN/ ,0 FP/ 1 FN
number_of_runs,169
AVG_PERC_SEC_SAVED_WITH_TP,35.194978237861605
AVG_PERC_SEC_SAVED_WITH_FP,39.06053917092486
AVG_PERC_SEC_SAVED_WITH_FN,37.26686859533279
0510035737_A_40_1_105@run1@0510035737_A_40_1_105@run1@10.0Map.png,15,33.33333333333333,0vs10,100.0,6 TP/ 9 TN/ ,1 FP/ 0 FN
number_of_runs,170
AVG_PERC_SEC_SAVED_WITH_TP,35.184027385482025
AVG_PERC_SEC_SAVED_WITH_FP,39.41900658756648
AVG_PERC_SEC_SAVED_WITH_FN,37.243730152615136
0510035738_A_40_1_101@run1@0510035738_A_40_1_101@run1@2.0Map.png,5,60.0,0,60.0,4 TP/ 2 TN/ ,0 FP/ 0 FN
number_of_runs,171
AVG_PERC_SEC_SAVED_WITH_TP,35.32915003235055
AVG_PERC_SEC_SAVED_WITH_FP,39.5393632741889
AVG_PERC_SEC_SAVED_WITH_FN,37.376807754061836
0510040941_A-40.1-805@run1@0510040941_A-40.1-805@run1@5.0Map.png,6,16.666666666666664,0,16.666666666666664,2 TP/ 5 TN/ ,0 FP/ 0 FN
number_of_runs,172
AVG_PERC_SEC_SAVED_WITH_TP,35.22064722208495
AVG_PERC_SEC_SAVED_WITH_FP,39.40638247995912
AVG_PERC_SEC_SAVED_WITH_FN,37.2563999570421
0510040942_A-40.1-804@run1@0510040942_A-40.1-804@run1@5.0Map.png,8,37.5,0,37.5,4 TP/ 5 TN/ ,0 FP/ 0 FN
number_of_runs,173
AVG_PERC_SEC_SAVED_WITH_TP,35.23382267166827
AVG_PERC_SEC_SAVED_WITH_FP,39.395362928051846
AVG_PERC_SEC_SAVED_WITH_FN,37.25780804977596
0510040943_A-40.1-803@run1@0510040943_A-40.1-803@run1@5.0Map.png,10,50.0,0,50.0,6 TP/ 5 TN/ ,0 FP/ 0 FN
number_of_runs,174
AVG_PERC_SEC_SAVED_WITH_TP,35.31868575976213
AVG_PERC_SEC_SAVED_WITH_FP,39.45630911812051
AVG_PERC_SEC_SAVED_WITH_FN,37.33103903799564
0510045926_A-40.1-020@run1@0510045926_A-40.1-020@run1@4.0Map.png,7,42.857142857142854,0,42.857142857142854,4 TP/ 4 TN/ ,0 FP/ 0 FN
number_of_runs,175
AVG_PERC_SEC_SAVED_WITH_TP,35.36176265746145
AVG_PERC_SEC_SAVED_WITH_FP,39.47574245377207
AVG_PERC_SEC_SAVED_WITH_FN,37.36261677410505
E1-0@run1@E1-0@run1@5.0Map.png,9,44.44444444444444,4vs5,55.55555555555556,5 TP/ 4 TN/ ,1 FP/ 0 FN
number_of_runs,176
AVG_PERC_SEC_SAVED_WITH_TP,35.4133688039784
AVG_PERC_SEC_SAVED_WITH_FP,39.56710502821402
AVG_PERC_SEC_SAVED_WITH_FN,37.402854431322886
E2-2@run1@E2-2@run1@9.0Map.png,10,10.0,0,10.0,2 TP/ 9 TN/ ,0 FP/ 0 FN
number_of_runs,177
AVG_PERC_SEC_SAVED_WITH_TP,35.26979044915366
AVG_PERC_SEC_SAVED_WITH_FP,39.40005923709417
AVG_PERC_SEC_SAVED_WITH_FN,37.248036044705245
E2-4@run1@E2-4@run1@2.0Map.png,4,50.0,0,50.0,3 TP/ 2 TN/ ,0 FP/ 0 FN
number_of_runs,178
AVG_PERC_SEC_SAVED_WITH_TP,35.35254443539437
AVG_PERC_SEC_SAVED_WITH_FP,39.45960946609925
AVG_PERC_SEC_SAVED_WITH_FN,37.3196762916451
E15-0@run1@E15-0@run1@19.0Map.png,25,24.0,0,24.0,7 TP/ 19 TN/ ,0 FP/ 0 FN
number_of_runs,179
AVG_PERC_SEC_SAVED_WITH_TP,35.28912239944245
AVG_PERC_SEC_SAVED_WITH_FP,39.373242932769095
AVG_PERC_SEC_SAVED_WITH_FN,37.24526469225044
E15-3@run1@E15-3@run1@29.0Map.png,31,6.451612903225806,0,6.451612903225806,3 TP/ 29 TN/ ,0 FP/ 0 FN
number_of_runs,180
AVG_PERC_SEC_SAVED_WITH_TP,35.12891401335235
AVG_PERC_SEC_SAVED_WITH_FP,39.19034498816052
AVG_PERC_SEC_SAVED_WITH_FN,37.074188848978075
E17-0@run1@E17-0@run1@4.0Map.png,6,33.33333333333333,0vs4,100.0,3 TP/ 3 TN/ ,1 FP/ 0 FN
number_of_runs,181
AVG_PERC_SEC_SAVED_WITH_TP,35.11899367810363
AVG_PERC_SEC_SAVED_WITH_FP,39.526309932977306
AVG_PERC_SEC_SAVED_WITH_FN,37.053521138946884
E17-3@run1@E17-3@run1@6.0Map.png,9,33.33333333333333,0,33.33333333333333,4 TP/ 6 TN/ ,0 FP/ 0 FN
number_of_runs,182
AVG_PERC_SEC_SAVED_WITH_TP,35.10918235752796
AVG_PERC_SEC_SAVED_WITH_FP,39.49228258902322
AVG_PERC_SEC_SAVED_WITH_FN,37.033080546608346
E17-4@run1@E17-4@run1@6.0Map.png,8,25.0,0,25.0,3 TP/ 6 TN/ ,0 FP/ 0 FN
number_of_runs,183
AVG_PERC_SEC_SAVED_WITH_TP,35.05394092388027
AVG_PERC_SEC_SAVED_WITH_FP,39.41308978799031
AVG_PERC_SEC_SAVED_WITH_FN,36.96732600810229
E17-5@run1@E17-5@run1@12.0Map.png,13,7.6923076923076925,0,7.6923076923076925,2 TP/ 10 TN/ ,0 FP/ 2 FN
number_of_runs,184
AVG_PERC_SEC_SAVED_WITH_TP,34.90523639544781
AVG_PERC_SEC_SAVED_WITH_FP,39.24069423312246
AVG_PERC_SEC_SAVED_WITH_FN,36.891834687824144
E17-6@run1@E17-6@run1@4.0Map.png,7,42.857142857142854,0,42.857142857142854,4 TP/ 4 TN/ ,0 FP/ 0 FN
number_of_runs,185
AVG_PERC_SEC_SAVED_WITH_TP,34.948219673619136
AVG_PERC_SEC_SAVED_WITH_FP,39.260242604063116
AVG_PERC_SEC_SAVED_WITH_FN,36.92407959684749
E18-0@run1@E18-0@run1@7.0Map.png,12,41.66666666666667,0,41.66666666666667,6 TP/ 7 TN/ ,0 FP/ 0 FN
number_of_runs,186
AVG_PERC_SEC_SAVED_WITH_TP,34.98434035637746
AVG_PERC_SEC_SAVED_WITH_FP,39.27318036784056
AVG_PERC_SEC_SAVED_WITH_FN,36.94957737679275
E18-1@run1@E18-1@run1@4.0Map.png,9,55.55555555555556,0,55.55555555555556,6 TP/ 4 TN/ ,0 FP/ 0 FN
number_of_runs,187
AVG_PERC_SEC_SAVED_WITH_TP,35.09434685476879
AVG_PERC_SEC_SAVED_WITH_FP,39.36025189290855
AVG_PERC_SEC_SAVED_WITH_FN,37.049074586304855
E18-2@run1@E18-2@run1@7.0Map.png,12,41.66666666666667,0,41.66666666666667,6 TP/ 7 TN/ ,0 FP/ 0 FN
number_of_runs,188
AVG_PERC_SEC_SAVED_WITH_TP,35.12930600270442
AVG_PERC_SEC_SAVED_WITH_FP,39.37252005659876
AVG_PERC_SEC_SAVED_WITH_FN,37.07363624630678
E18-3@run1@E18-3@run1@13.0Map.png,16,18.75,10vs13,37.5,4 TP/ 11 TN/ ,2 FP/ 0 FN
number_of_runs,189
AVG_PERC_SEC_SAVED_WITH_TP,35.04264300798111
AVG_PERC_SEC_SAVED_WITH_FP,39.362612543071776
AVG_PERC_SEC_SAVED_WITH_FN,36.97668578997712
E18-5@run1@E18-5@run1@11.0Map.png,13,15.384615384615385,0,15.384615384615385,3 TP/ 7 TN/ ,0 FP/ 4 FN
number_of_runs,190
AVG_PERC_SEC_SAVED_WITH_TP,34.93917970470024
AVG_PERC_SEC_SAVED_WITH_FP,39.23641255802727
AVG_PERC_SEC_SAVED_WITH_FN,37.02498663399748
E19-0@run1@E19-0@run1@18.0Map.png,19,5.263157894736842,8vs18,57.89473684210527,2 TP/ 8 TN/ ,10 FP/ 0 FN
number_of_runs,191
AVG_PERC_SEC_SAVED_WITH_TP,34.783807862763254
AVG_PERC_SEC_SAVED_WITH_FP,39.33410011972401
AVG_PERC_SEC_SAVED_WITH_FN,36.85869433693328
E19-1@run1@E19-1@run1@9.0Map.png,14,35.714285714285715,0,35.714285714285715,6 TP/ 9 TN/ ,0 FP/ 0 FN
number_of_runs,192
AVG_PERC_SEC_SAVED_WITH_TP,34.788654101573265
AVG_PERC_SEC_SAVED_WITH_FP,39.31524691969569
AVG_PERC_SEC_SAVED_WITH_FN,36.852733875356996
E23-5@run1@E23-5@run1@6.0Map.png,11,45.45454545454545,0,45.45454545454545,6 TP/ 6 TN/ ,0 FP/ 0 FN
number_of_runs,193
AVG_PERC_SEC_SAVED_WITH_TP,34.84391778733996
AVG_PERC_SEC_SAVED_WITH_FP,39.34705675666382
AVG_PERC_SEC_SAVED_WITH_FN,36.897302847269884
E25-1@run1@NO_TPs,0 True Positives,0 True Negatives,0 False Positives,1 False Negatives
E25-1@run2@E25-1@run2@27.0Map.png,32,15.625,22vs27,31.25,6 TP/ 26 TN/ ,1 FP/ 0 FN
number_of_runs,195
AVG_PERC_SEC_SAVED_WITH_TP,34.566672476700575
AVG_PERC_SEC_SAVED_WITH_FP,39.10375361044162
AVG_PERC_SEC_SAVED_WITH_FN,36.598997177041475
E28-1@run1@E28-1@run1@3.0Map.png,6,50.0,0,50.0,4 TP/ 3 TN/ ,0 FP/ 0 FN
number_of_runs,196
AVG_PERC_SEC_SAVED_WITH_TP,34.64541394365619
AVG_PERC_SEC_SAVED_WITH_FP,39.1593467042659
AVG_PERC_SEC_SAVED_WITH_FN,36.66736964042392
E32-1@run1@E32-1@run1@4.0Map.png,6,33.33333333333333,0,33.33333333333333,3 TP/ 4 TN/ ,0 FP/ 0 FN
number_of_runs,197
AVG_PERC_SEC_SAVED_WITH_TP,34.63875363598957
AVG_PERC_SEC_SAVED_WITH_FP,39.12977303233223
AVG_PERC_SEC_SAVED_WITH_FN,36.65044559825594
E32-2@run1@E32-2@run1@2.0Map.png,6,66.66666666666666,0,66.66666666666666,5 TP/ 2 TN/ ,0 FP/ 0 FN
number_of_runs,198
AVG_PERC_SEC_SAVED_WITH_TP,34.80051077250814
AVG_PERC_SEC_SAVED_WITH_FP,39.26884825270766
AVG_PERC_SEC_SAVED_WITH_FN,36.80204267435903
E32-3@run1@E32-3@run1@3.0Map.png,6,50.0,0,50.0,4 TP/ 3 TN/ ,0 FP/ 0 FN
number_of_runs,199
AVG_PERC_SEC_SAVED_WITH_TP,34.87689011535986
AVG_PERC_SEC_SAVED_WITH_FP,39.322773638372446
AVG_PERC_SEC_SAVED_WITH_FN,36.86836406795521
E34-1@run1@E34-1@run1@4.0Map.png,7,42.857142857142854,0,42.857142857142854,4 TP/ 4 TN/ ,0 FP/ 0 FN
number_of_runs,200
AVG_PERC_SEC_SAVED_WITH_TP,34.916791379068776
AVG_PERC_SEC_SAVED_WITH_FP,39.3404454844663
AVG_PERC_SEC_SAVED_WITH_FN,36.89830796190115
E34-2@run1@E34-2@run1@3.0Map.png,6,50.0,0,50.0,4 TP/ 3 TN/ ,0 FP/ 0 FN
number_of_runs,201
AVG_PERC_SEC_SAVED_WITH_TP,34.99183221797888
AVG_PERC_SEC_SAVED_WITH_FP,39.393478093996315
AVG_PERC_SEC_SAVED_WITH_FN,36.963490509354386
E34-3@run1@E34-3@run1@3.0Map.png,6,50.0,0,50.0,4 TP/ 3 TN/ ,0 FP/ 0 FN
number_of_runs,202
AVG_PERC_SEC_SAVED_WITH_TP,35.066130078285916
AVG_PERC_SEC_SAVED_WITH_FP,39.44598562818445
AVG_PERC_SEC_SAVED_WITH_FN,37.028027685050645
E34-5@run1@E34-5@run1@5.0Map.png,7,28.57142857142857,0vs5,100.0,3 TP/ 2 TN/ ,3 FP/ 0 FN
number_of_runs,203
AVG_PERC_SEC_SAVED_WITH_TP,35.03413647480386
AVG_PERC_SEC_SAVED_WITH_FP,39.74428126548404
AVG_PERC_SEC_SAVED_WITH_FN,36.98636956133822
E38-1@run1@E38-1@run1@4.0Map.png,9,55.55555555555556,0,55.55555555555556,6 TP/ 4 TN/ ,0 FP/ 0 FN
number_of_runs,204
AVG_PERC_SEC_SAVED_WITH_TP,35.134731666376176
AVG_PERC_SEC_SAVED_WITH_FP,39.821787512004
AVG_PERC_SEC_SAVED_WITH_FN,37.0773949828785
E38-2@run1@E38-2@run1@10.0Map.png,15,33.33333333333333,0,33.33333333333333,6 TP/ 10 TN/ ,0 FP/ 0 FN
number_of_runs,205
AVG_PERC_SEC_SAVED_WITH_TP,35.1259443574345
AVG_PERC_SEC_SAVED_WITH_FP,39.790136516010485
AVG_PERC_SEC_SAVED_WITH_FN,37.05913126751487
E38-3@run1@E38-3@run1@8.0Map.png,11,27.27272727272727,0,27.27272727272727,4 TP/ 8 TN/ ,0 FP/ 0 FN
number_of_runs,206
AVG_PERC_SEC_SAVED_WITH_TP,35.08782194440194
AVG_PERC_SEC_SAVED_WITH_FP,39.72937239347027
AVG_PERC_SEC_SAVED_WITH_FN,37.01162445200619
E39-0@run1@E39-0@run1@2.0Map.png,4,50.0,0,50.0,3 TP/ 2 TN/ ,0 FP/ 0 FN
number_of_runs,207
AVG_PERC_SEC_SAVED_WITH_TP,35.1598614519169
AVG_PERC_SEC_SAVED_WITH_FP,39.778988951955924
AVG_PERC_SEC_SAVED_WITH_FN,37.07437022760036
E39-2@run1@E39-2@run1@12.0Map.png,19,36.84210526315789,0,36.84210526315789,8 TP/ 12 TN/ ,0 FP/ 0 FN
number_of_runs,208
AVG_PERC_SEC_SAVED_WITH_TP,35.16794916254787
AVG_PERC_SEC_SAVED_WITH_FP,39.76486931883671
AVG_PERC_SEC_SAVED_WITH_FN,37.07325356911746
E40-0@run1@E40-0@run1@10.0Map.png,14,28.57142857142857,0vs10,100.0,5 TP/ 9 TN/ ,1 FP/ 0 FN
number_of_runs,209
AVG_PERC_SEC_SAVED_WITH_TP,35.13638686306883
AVG_PERC_SEC_SAVED_WITH_FP,40.053075685732225
AVG_PERC_SEC_SAVED_WITH_FN,37.03257498061178
E48-3@run1@E48-3@run1@2.0Map.png,4,50.0,1vs2,75.0,3 TP/ 1 TN/ ,1 FP/ 0 FN
number_of_runs,210
AVG_PERC_SEC_SAVED_WITH_TP,35.20716597324469
AVG_PERC_SEC_SAVED_WITH_FP,40.21948961103826
AVG_PERC_SEC_SAVED_WITH_FN,37.09432462356124
E48-4@run1@E48-4@run1@2.0Map.png,5,60.0,0,60.0,4 TP/ 2 TN/ ,0 FP/ 0 FN
number_of_runs,211
AVG_PERC_SEC_SAVED_WITH_TP,35.32466755630988
AVG_PERC_SEC_SAVED_WITH_FP,40.313236105772674
AVG_PERC_SEC_SAVED_WITH_FN,37.20288232676712
E51-0@run1@E51-0@run1@9.0Map.png,13,30.76923076923077,0,30.76923076923077,5 TP/ 9 TN/ ,0 FP/ 0 FN
number_of_runs,212
AVG_PERC_SEC_SAVED_WITH_TP,35.30317964693687
AVG_PERC_SEC_SAVED_WITH_FP,40.26821721267578
AVG_PERC_SEC_SAVED_WITH_FN,37.17253491375987
E51-3@run1@E51-3@run1@20.0Map.png,27,25.925925925925924,0vs20,100.0,8 TP/ 18 TN/ ,2 FP/ 0 FN
number_of_runs,213
AVG_PERC_SEC_SAVED_WITH_TP,35.25915498158001
AVG_PERC_SEC_SAVED_WITH_FP,40.54864811778059
AVG_PERC_SEC_SAVED_WITH_FN,37.119733932596326
E52-0@run1@E52-0@run1@14.0Map.png,18,22.22222222222222,0,22.22222222222222,5 TP/ 11 TN/ ,0 FP/ 3 FN
number_of_runs,214
AVG_PERC_SEC_SAVED_WITH_TP,35.198234735040955
AVG_PERC_SEC_SAVED_WITH_FP,40.46301061359574
AVG_PERC_SEC_SAVED_WITH_FN,37.12800101183134
E52-3@run1@E52-3@run1@32.0Map.png,35,8.571428571428571,0,8.571428571428571,4 TP/ 32 TN/ ,0 FP/ 0 FN
number_of_runs,215
AVG_PERC_SEC_SAVED_WITH_TP,35.07438912497764
AVG_PERC_SEC_SAVED_WITH_FP,40.31467767386473
AVG_PERC_SEC_SAVED_WITH_FN,36.99517974466667
E52-5@run1@E52-5@run1@13.0Map.png,20,35.0,0,35.0,8 TP/ 11 TN/ ,0 FP/ 2 FN
number_of_runs,216
AVG_PERC_SEC_SAVED_WITH_TP,35.07404473088052
AVG_PERC_SEC_SAVED_WITH_FP,40.29007268463388
AVG_PERC_SEC_SAVED_WITH_FN,37.032239097700625
E52-6@run1@E52-6@run1@11.0Map.png,17,35.294117647058826,0,35.294117647058826,7 TP/ 11 TN/ ,0 FP/ 0 FN
number_of_runs,217
AVG_PERC_SEC_SAVED_WITH_TP,35.07505889178457
AVG_PERC_SEC_SAVED_WITH_FP,40.26704985035934
AVG_PERC_SEC_SAVED_WITH_FN,37.02422932143038
E53-2@run1@E53-2@run1@5.0Map.png,9,44.44444444444444,0,44.44444444444444,5 TP/ 5 TN/ ,0 FP/ 0 FN
number_of_runs,218
AVG_PERC_SEC_SAVED_WITH_TP,35.118037724594934
AVG_PERC_SEC_SAVED_WITH_FP,40.28621221088267
AVG_PERC_SEC_SAVED_WITH_FN,37.05826700548091
E55-29@run1@E55-29@run1@2.0Map.png,4,50.0,0vs2,100.0,3 TP/ 1 TN/ ,1 FP/ 0 FN
number_of_runs,219
AVG_PERC_SEC_SAVED_WITH_TP,35.18599189023605
AVG_PERC_SEC_SAVED_WITH_FP,40.558877908549874
AVG_PERC_SEC_SAVED_WITH_FN,37.11736167668876
E56-0@run1@E56-0@run1@7.0Map.png,9,22.22222222222222,0,22.22222222222222,3 TP/ 7 TN/ ,0 FP/ 0 FN
number_of_runs,220
AVG_PERC_SEC_SAVED_WITH_TP,35.127065664472354
AVG_PERC_SEC_SAVED_WITH_FP,40.47552947361202
AVG_PERC_SEC_SAVED_WITH_FN,37.04965649735028
E56-1@run1@E56-1@run1@11.0Map.png,12,8.333333333333332,8vs11,33.33333333333333,2 TP/ 8 TN/ ,3 FP/ 0 FN
number_of_runs,221
AVG_PERC_SEC_SAVED_WITH_TP,35.00582705663915
AVG_PERC_SEC_SAVED_WITH_FP,40.443211844018
AVG_PERC_SEC_SAVED_WITH_FN,36.91971838348594
E56-2@run1@E56-2@run1@7.0Map.png,12,41.66666666666667,0,41.66666666666667,6 TP/ 7 TN/ ,0 FP/ 0 FN
number_of_runs,222
AVG_PERC_SEC_SAVED_WITH_TP,35.0358308386663
AVG_PERC_SEC_SAVED_WITH_FP,40.44872290177768
AVG_PERC_SEC_SAVED_WITH_FN,36.941101033410185
E56-3@run1@E56-3@run1@7.0Map.png,10,30.0,0,30.0,4 TP/ 7 TN/ ,0 FP/ 0 FN
number_of_runs,223
AVG_PERC_SEC_SAVED_WITH_TP,35.01324863759605
AVG_PERC_SEC_SAVED_WITH_FP,40.40186764212845
AVG_PERC_SEC_SAVED_WITH_FN,36.90997501980745
E60-0@run1@E60-0@run1@3.0Map.png,5,40.0,0,40.0,3 TP/ 3 TN/ ,0 FP/ 0 FN
number_of_runs,224
AVG_PERC_SEC_SAVED_WITH_TP,35.03551092046392
AVG_PERC_SEC_SAVED_WITH_FP,40.40007359015466
AVG_PERC_SEC_SAVED_WITH_FN,36.923769774183306
N10-1@run1@N10-1@run1@2.0Map.png,5,60.0,0,60.0,4 TP/ 2 TN/ ,0 FP/ 0 FN
number_of_runs,225
AVG_PERC_SEC_SAVED_WITH_TP,35.14646420526186
AVG_PERC_SEC_SAVED_WITH_FP,40.48718437419842
AVG_PERC_SEC_SAVED_WITH_FN,37.02633079740916
N10-2@run1@N10-2@run1@3.0Map.png,5,40.0,0,40.0,3 TP/ 3 TN/ ,0 FP/ 0 FN
number_of_runs,226
AVG_PERC_SEC_SAVED_WITH_TP,35.16794002736247
AVG_PERC_SEC_SAVED_WITH_FP,40.48502869112674
AVG_PERC_SEC_SAVED_WITH_FN,37.0394886257392
N42-2@run1@N42-2@run1@9.0Map.png,11,18.181818181818183,0,18.181818181818183,3 TP/ 9 TN/ ,0 FP/ 0 FN
number_of_runs,227
AVG_PERC_SEC_SAVED_WITH_TP,35.09311129676536
AVG_PERC_SEC_SAVED_WITH_FP,40.386776662451375
AVG_PERC_SEC_SAVED_WITH_FN,36.956415187660255
N51-1@run1@N51-1@run1@4.0Map.png,11,63.63636363636363,0,63.63636363636363,8 TP/ 4 TN/ ,0 FP/ 0 FN
number_of_runs,228
AVG_PERC_SEC_SAVED_WITH_TP,35.21830100000921
AVG_PERC_SEC_SAVED_WITH_FP,40.488748535143976
AVG_PERC_SEC_SAVED_WITH_FN,37.07343250541773
N51-3@run1@N51-3@run1@6.0Map.png,9,33.33333333333333,0,33.33333333333333,4 TP/ 6 TN/ ,0 FP/ 0 FN
number_of_runs,229
AVG_PERC_SEC_SAVED_WITH_TP,35.21006970015473
AVG_PERC_SEC_SAVED_WITH_FP,40.45750218055092
AVG_PERC_SEC_SAVED_WITH_FN,37.057100194622606
N52-2@run1@N52-2@run1@18.0Map.png,23,21.73913043478261,5vs18,78.26086956521739,6 TP/ 5 TN/ ,13 FP/ 0 FN
number_of_runs,230
AVG_PERC_SEC_SAVED_WITH_TP,35.151500399000945
AVG_PERC_SEC_SAVED_WITH_FP,40.62186464744077
AVG_PERC_SEC_SAVED_WITH_FN,36.99050032610156
N57-1@run1@N57-1@run1@2.0Map.png,4,50.0,0vs2,100.0,3 TP/ 1 TN/ ,1 FP/ 0 FN
number_of_runs,231
AVG_PERC_SEC_SAVED_WITH_TP,35.215779618052885
AVG_PERC_SEC_SAVED_WITH_FP,40.87891285243021
AVG_PERC_SEC_SAVED_WITH_FN,37.046818506508046
NE49-2@run1@NE49-2@run1@10.0Map.png,13,23.076923076923077,0,23.076923076923077,4 TP/ 10 TN/ ,0 FP/ 0 FN
number_of_runs,232
AVG_PERC_SEC_SAVED_WITH_TP,35.16345696054802
AVG_PERC_SEC_SAVED_WITH_FP,40.80218013788061
AVG_PERC_SEC_SAVED_WITH_FN,36.98660344000122
NW10-1@run1@NW10-1@run1@8.0Map.png,9,11.11111111111111,2vs8,77.77777777777779,2 TP/ 3 TN/ ,5 FP/ 0 FN
number_of_runs,233
AVG_PERC_SEC_SAVED_WITH_TP,35.06022800840451
AVG_PERC_SEC_SAVED_WITH_FP,40.960873689983174
AVG_PERC_SEC_SAVED_WITH_FN,36.87554982485577
NW10-4@run1@NW10-4@run1@7.0Map.png,10,30.0,1vs7,90.0,4 TP/ 6 TN/ ,1 FP/ 0 FN
number_of_runs,234
AVG_PERC_SEC_SAVED_WITH_TP,35.038603102385686
AVG_PERC_SEC_SAVED_WITH_FP,41.17044260583795
AVG_PERC_SEC_SAVED_WITH_FN,36.846167133296554
NW13-0@run1@NW13-0@run1@6.0Map.png,9,33.33333333333333,0,33.33333333333333,4 TP/ 6 TN/ ,0 FP/ 0 FN
number_of_runs,235
AVG_PERC_SEC_SAVED_WITH_TP,35.03134663528334
AVG_PERC_SEC_SAVED_WITH_FP,41.13709320467836
AVG_PERC_SEC_SAVED_WITH_FN,36.83121890436054
NW13-1@run1@NW13-1@run1@4.0Map.png,7,42.857142857142854,0,42.857142857142854,4 TP/ 4 TN/ ,0 FP/ 0 FN
number_of_runs,236
AVG_PERC_SEC_SAVED_WITH_TP,35.0645067887658
AVG_PERC_SEC_SAVED_WITH_FP,41.144381550663375
AVG_PERC_SEC_SAVED_WITH_FN,36.85675248043165
NW14-0@run1@NW14-0@run1@39.0Map.png,57,31.57894736842105,0,31.57894736842105,19 TP/ 39 TN/ ,0 FP/ 0 FN
NW14-0@run2@NW14-0@run2@28.0Map.png,36,22.22222222222222,0,22.22222222222222,9 TP/ 28 TN/ ,0 FP/ 0 FN
number_of_runs,238
AVG_PERC_SEC_SAVED_WITH_TP,34.99590240226627
AVG_PERC_SEC_SAVED_WITH_FP,41.02468577961009
AVG_PERC_SEC_SAVED_WITH_FN,36.77308720576687
NW14-1@run1@NW14-1@run1@13.0Map.png,16,18.75,0,18.75,4 TP/ 13 TN/ ,0 FP/ 0 FN
number_of_runs,239
AVG_PERC_SEC_SAVED_WITH_TP,34.9279279152275
AVG_PERC_SEC_SAVED_WITH_FP,40.93148625751967
AVG_PERC_SEC_SAVED_WITH_FN,36.69767679904818
NW14-3@run1@NW14-3@run1@4.0Map.png,7,42.857142857142854,0,42.857142857142854,4 TP/ 4 TN/ ,0 FP/ 0 FN
number_of_runs,240
AVG_PERC_SEC_SAVED_WITH_TP,34.96096631081881
AVG_PERC_SEC_SAVED_WITH_FP,40.93950982668477
AVG_PERC_SEC_SAVED_WITH_FN,36.723341240956906
NW14-4@run1@NW14-4@run1@4.0Map.png,6,33.33333333333333,0,33.33333333333333,3 TP/ 4 TN/ ,0 FP/ 0 FN
number_of_runs,241
AVG_PERC_SEC_SAVED_WITH_TP,34.95421264701182
AVG_PERC_SEC_SAVED_WITH_FP,40.90794892837211
AVG_PERC_SEC_SAVED_WITH_FN,36.7092748181037
NW14-5@run1@NW14-5@run1@6.0Map.png,9,33.33333333333333,0,33.33333333333333,4 TP/ 6 TN/ ,0 FP/ 0 FN
number_of_runs,242
AVG_PERC_SEC_SAVED_WITH_TP,34.947514798608196
AVG_PERC_SEC_SAVED_WITH_FP,40.8766488639298
AVG_PERC_SEC_SAVED_WITH_FN,36.69532464667903
NW16-1@run1@NW16-1@run1@13.0Map.png,15,13.333333333333334,0,13.333333333333334,3 TP/ 13 TN/ ,0 FP/ 0 FN
number_of_runs,243
AVG_PERC_SEC_SAVED_WITH_TP,34.858567549779906
AVG_PERC_SEC_SAVED_WITH_FP,40.76330188643764
AVG_PERC_SEC_SAVED_WITH_FN,36.59918476473111
NW16-2@run1@NW16-2@run1@34.0Map.png,41,17.073170731707318,23vs34,43.90243902439025,8 TP/ 24 TN/ ,10 FP/ 0 FN
number_of_runs,244
AVG_PERC_SEC_SAVED_WITH_TP,34.78567657921404
AVG_PERC_SEC_SAVED_WITH_FP,40.77616720257679
AVG_PERC_SEC_SAVED_WITH_FN,36.51916011705479
NW17-1@run1@NW17-1@run1@9.0Map.png,13,30.76923076923077,0,30.76923076923077,5 TP/ 9 TN/ ,0 FP/ 0 FN
number_of_runs,245
AVG_PERC_SEC_SAVED_WITH_TP,34.769282922846756
AVG_PERC_SEC_SAVED_WITH_FP,40.735322564073336
AVG_PERC_SEC_SAVED_WITH_FN,36.49569101767591
NW17-2@run1@NW17-2@run1@45.0Map.png,48,6.25,0,6.25,4 TP/ 12 TN/ ,0 FP/ 33 FN
number_of_runs,246
AVG_PERC_SEC_SAVED_WITH_TP,34.65335087844494
AVG_PERC_SEC_SAVED_WITH_FP,40.595138326008
AVG_PERC_SEC_SAVED_WITH_FN,36.652212598904875
NW21-2@run1@NW21-2@run1@4.0Map.png,7,42.857142857142854,0,42.857142857142854,4 TP/ 4 TN/ ,0 FP/ 0 FN
number_of_runs,247
AVG_PERC_SEC_SAVED_WITH_TP,34.68656461115222
AVG_PERC_SEC_SAVED_WITH_FP,40.604296239089514
AVG_PERC_SEC_SAVED_WITH_FN,36.67733377403944
NW22-1@run1@NW22-1@run1@12.0Map.png,17,29.411764705882355,0,29.411764705882355,6 TP/ 12 TN/ ,0 FP/ 0 FN
number_of_runs,248
AVG_PERC_SEC_SAVED_WITH_TP,34.665295256695494
AVG_PERC_SEC_SAVED_WITH_FP,40.55916506355239
AVG_PERC_SEC_SAVED_WITH_FN,36.64803712457107
NW22-2@run1@NW22-2@run1@12.0Map.png,17,29.411764705882355,0,29.411764705882355,6 TP/ 12 TN/ ,0 FP/ 0 FN
number_of_runs,249
AVG_PERC_SEC_SAVED_WITH_TP,34.64419674042717
AVG_PERC_SEC_SAVED_WITH_FP,40.51439638741717
AVG_PERC_SEC_SAVED_WITH_FN,36.61897578955625
NW61-0@run1@NW61-0@run1@2.0Map.png,4,50.0,0,50.0,3 TP/ 2 TN/ ,0 FP/ 0 FN
number_of_runs,250
AVG_PERC_SEC_SAVED_WITH_TP,34.70561995346546
AVG_PERC_SEC_SAVED_WITH_FP,40.552338801867506
AVG_PERC_SEC_SAVED_WITH_FN,36.67249988639803
NW61-1@run1@NW61-1@run1@4.0Map.png,7,42.857142857142854,3vs4,57.14285714285714,4 TP/ 3 TN/ ,1 FP/ 0 FN
number_of_runs,251
AVG_PERC_SEC_SAVED_WITH_TP,34.7380961403327
AVG_PERC_SEC_SAVED_WITH_FP,40.618436484500926
AVG_PERC_SEC_SAVED_WITH_FN,36.697139898233665
NW61-4@run1@NW61-4@run1@0Map.png,2,100.0,0,100.0,3 TP/ 0 TN/ ,0 FP/ 0 FN
number_of_runs,252
AVG_PERC_SEC_SAVED_WITH_TP,34.99707194929963
AVG_PERC_SEC_SAVED_WITH_FP,40.85407760956243
AVG_PERC_SEC_SAVED_WITH_FN,36.94834172403433
W4-0@run1@W4-0@run1@36.0Map.png,39,7.6923076923076925,0,7.6923076923076925,4 TP/ 36 TN/ ,0 FP/ 0 FN
number_of_runs,253
AVG_PERC_SEC_SAVED_WITH_TP,34.889147979904415
AVG_PERC_SEC_SAVED_WITH_FP,40.72300342016617
AVG_PERC_SEC_SAVED_WITH_FN,36.83270522588521
W4-5@run1@W4-5@run1@9.0Map.png,10,10.0,0,10.0,2 TP/ 9 TN/ ,0 FP/ 0 FN
number_of_runs,254
AVG_PERC_SEC_SAVED_WITH_TP,34.79115920832999
AVG_PERC_SEC_SAVED_WITH_FP,40.602046713787566
AVG_PERC_SEC_SAVED_WITH_FN,36.72706465412976
W4-7@run1@W4-7@run1@7.0Map.png,10,30.0,0,30.0,4 TP/ 6 TN/ ,0 FP/ 1 FN
number_of_runs,255
AVG_PERC_SEC_SAVED_WITH_TP,34.77237034868948
AVG_PERC_SEC_SAVED_WITH_FP,40.56047006000801
AVG_PERC_SEC_SAVED_WITH_FN,36.7398996947018
W7-0@run1@W7-0@run1@32.0Map.png,40,20.0,0,20.0,9 TP/ 32 TN/ ,0 FP/ 0 FN
number_of_runs,256
AVG_PERC_SEC_SAVED_WITH_TP,34.71466577701491
AVG_PERC_SEC_SAVED_WITH_FP,40.4801557238361
AVG_PERC_SEC_SAVED_WITH_FN,36.67450946151937
W7-3@run1@W7-3@run1@9.0Map.png,16,43.75,6vs9,62.5,8 TP/ 6 TN/ ,3 FP/ 0 FN
number_of_runs,257
AVG_PERC_SEC_SAVED_WITH_TP,34.74982271951679
AVG_PERC_SEC_SAVED_WITH_FP,40.565836051758914
AVG_PERC_SEC_SAVED_WITH_FN,36.70204055310879
W8-1@run1@W8-1@run1@4.0Map.png,6,33.33333333333333,0,33.33333333333333,3 TP/ 3 TN/ ,0 FP/ 1 FN
number_of_runs,258
AVG_PERC_SEC_SAVED_WITH_TP,34.7443324505781
AVG_PERC_SEC_SAVED_WITH_FP,40.53780309548595
AVG_PERC_SEC_SAVED_WITH_FN,36.75358303158511
W11-0@run1@W11-0@run1@2.0Map.png,3,33.33333333333333,1vs2,66.66666666666666,2 TP/ 1 TN/ ,1 FP/ 0 FN
number_of_runs,259
AVG_PERC_SEC_SAVED_WITH_TP,34.73888457753855
AVG_PERC_SEC_SAVED_WITH_FP,40.63868673861792
AVG_PERC_SEC_SAVED_WITH_FN,36.740377434294565
W11-1@run1@W11-1@run1@3.0Map.png,5,40.0,0,40.0,3 TP/ 3 TN/ ,0 FP/ 0 FN
number_of_runs,260
AVG_PERC_SEC_SAVED_WITH_TP,34.75911963685571
AVG_PERC_SEC_SAVED_WITH_FP,40.6362302511617
AVG_PERC_SEC_SAVED_WITH_FN,36.75291444416266
W20-1@run1@W20-1@run1@9.0Map.png,17,47.05882352941176,0,47.05882352941176,9 TP/ 9 TN/ ,0 FP/ 0 FN
number_of_runs,261
AVG_PERC_SEC_SAVED_WITH_TP,34.80624493912604
AVG_PERC_SEC_SAVED_WITH_FP,40.660837888243115
AVG_PERC_SEC_SAVED_WITH_FN,36.7924006858686
W20-3@run1@W20-3@run1@12.0Map.png,15,20.0,0,20.0,4 TP/ 12 TN/ ,0 FP/ 0 FN
number_of_runs,262
AVG_PERC_SEC_SAVED_WITH_TP,34.7497325538622
AVG_PERC_SEC_SAVED_WITH_FP,40.58197972836433
AVG_PERC_SEC_SAVED_WITH_FN,36.728307553479794
W20-5@run1@W20-5@run1@10.0Map.png,13,23.076923076923077,9vs10,30.76923076923077,4 TP/ 9 TN/ ,1 FP/ 0 FN
number_of_runs,263
AVG_PERC_SEC_SAVED_WITH_TP,34.70534924786624
AVG_PERC_SEC_SAVED_WITH_FP,40.544668895820095
AVG_PERC_SEC_SAVED_WITH_FN,36.67640114862596
W31-2@run1@W31-2@run1@8.0Map.png,9,11.11111111111111,6vs8,33.33333333333333,2 TP/ 6 TN/ ,2 FP/ 0 FN
number_of_runs,264
AVG_PERC_SEC_SAVED_WITH_TP,34.615977133711866
AVG_PERC_SEC_SAVED_WITH_FP,40.51735323081068
AVG_PERC_SEC_SAVED_WITH_FN,36.5795629287869
W31-3@run1@W31-3@run1@3.0Map.png,6,50.0,0,50.0,4 TP/ 3 TN/ ,0 FP/ 0 FN
number_of_runs,265
AVG_PERC_SEC_SAVED_WITH_TP,34.67403005018842
AVG_PERC_SEC_SAVED_WITH_FP,40.553136803524595
AVG_PERC_SEC_SAVED_WITH_FN,36.63020608754619
W32-0@run1@W32-0@run1@10.0Map.png,13,23.076923076923077,0,23.076923076923077,4 TP/ 10 TN/ ,0 FP/ 0 FN
number_of_runs,266
AVG_PERC_SEC_SAVED_WITH_TP,34.63043190367239
AVG_PERC_SEC_SAVED_WITH_FP,40.48743675192083
AVG_PERC_SEC_SAVED_WITH_FN,36.57925389577694
W32-1@run1@W32-1@run1@6.0Map.png,12,50.0,0,50.0,7 TP/ 6 TN/ ,0 FP/ 0 FN
number_of_runs,267
AVG_PERC_SEC_SAVED_WITH_TP,34.6879958291268
AVG_PERC_SEC_SAVED_WITH_FP,40.523064329628994
AVG_PERC_SEC_SAVED_WITH_FN,36.62951886245942
W35-1@run1@NO_TPs,0 True Positives,12 True Negatives,0 False Positives,8 False Negatives
W35-1@run2@W35-1@run2@43.0Map.png,45,4.444444444444445,41vs43,8.88888888888889,3 TP/ 42 TN/ ,1 FP/ 0 FN
number_of_runs,269
AVG_PERC_SEC_SAVED_WITH_TP,34.44661461271859
AVG_PERC_SEC_SAVED_WITH_FP,40.254821802601604
AVG_PERC_SEC_SAVED_WITH_FN,36.373702530561744
W35-3@run1@W35-3@run1@14.0Map.png,22,36.36363636363637,0,36.36363636363637,9 TP/ 14 TN/ ,0 FP/ 0 FN
number_of_runs,270
AVG_PERC_SEC_SAVED_WITH_TP,34.45371469327755
AVG_PERC_SEC_SAVED_WITH_FP,40.240410004679504
AVG_PERC_SEC_SAVED_WITH_FN,36.37366524846202
W51-0@run1@W51-0@run1@9.0Map.png,13,30.76923076923077,0,30.76923076923077,5 TP/ 9 TN/ ,0 FP/ 0 FN
number_of_runs,271
AVG_PERC_SEC_SAVED_WITH_TP,34.440118811638996
AVG_PERC_SEC_SAVED_WITH_FP,40.20546100381069
AVG_PERC_SEC_SAVED_WITH_FN,36.35298467842796
W59-2@run1@W59-2@run1@6.0Map.png,9,33.33333333333333,5vs6,44.44444444444444,4 TP/ 5 TN/ ,1 FP/ 0 FN
number_of_runs,272
AVG_PERC_SEC_SAVED_WITH_TP,34.43604974738052
AVG_PERC_SEC_SAVED_WITH_FP,40.2210455017542
AVG_PERC_SEC_SAVED_WITH_FN,36.34188301907099
W61-0@run1@W61-0@run1@5.0Map.png,9,44.44444444444444,0vs5,100.0,5 TP/ 4 TN/ ,1 FP/ 0 FN
number_of_runs,273
AVG_PERC_SEC_SAVED_WITH_TP,34.47271053381665
AVG_PERC_SEC_SAVED_WITH_FP,40.440016031051805
AVG_PERC_SEC_SAVED_WITH_FN,36.37156273125185
W71-0@run1@W71-0@run1@7.0Map.png,11,36.36363636363637,0,36.36363636363637,5 TP/ 7 TN/ ,0 FP/ 0 FN
number_of_runs,274
AVG_PERC_SEC_SAVED_WITH_TP,34.47961172297658
AVG_PERC_SEC_SAVED_WITH_FP,40.42513873299554
AVG_PERC_SEC_SAVED_WITH_FN,36.37153380290289
W84-0@run1@W84-0@run1@2.0Map.png,4,50.0,0,50.0,3 TP/ 2 TN/ ,0 FP/ 0 FN
number_of_runs,275
AVG_PERC_SEC_SAVED_WITH_TP,34.536049498529394
AVG_PERC_SEC_SAVED_WITH_FP,40.4599564103301
AVG_PERC_SEC_SAVED_WITH_FN,36.42109186180142
W85-0@run1@W85-0@run1@2.0Map.png,4,50.0,0,50.0,3 TP/ 2 TN/ ,0 FP/ 0 FN
number_of_runs,276
AVG_PERC_SEC_SAVED_WITH_TP,34.59207830469414
AVG_PERC_SEC_SAVED_WITH_FP,40.494521785654996
AVG_PERC_SEC_SAVED_WITH_FN,36.47029080433113
W85-1@run1@W85-1@run1@2.0Map.png,4,50.0,0,50.0,3 TP/ 2 TN/ ,0 FP/ 0 FN
number_of_runs,277
AVG_PERC_SEC_SAVED_WITH_TP,34.647702570742176
AVG_PERC_SEC_SAVED_WITH_FP,40.528837591482954
AVG_PERC_SEC_SAVED_WITH_FN,36.51913451983896
W85-2@run1@W85-2@run1@3.0Map.png,6,50.0,0,50.0,4 TP/ 3 TN/ ,0 FP/ 0 FN
number_of_runs,278
AVG_PERC_SEC_SAVED_WITH_TP,34.702926662214324
AVG_PERC_SEC_SAVED_WITH_FP,40.56290652100999
AVG_PERC_SEC_SAVED_WITH_FN,36.56762684171004
W91-2@run1@W91-2@run1@4.0Map.png,7,42.857142857142854,0,42.857142857142854,4 TP/ 4 TN/ ,0 FP/ 0 FN
number_of_runs,279
AVG_PERC_SEC_SAVED_WITH_TP,34.73215324355816
AVG_PERC_SEC_SAVED_WITH_FP,40.57112959031513
AVG_PERC_SEC_SAVED_WITH_FN,36.590169909865715
W92-0@run1@W92-0@run1@4.0Map.png,6,33.33333333333333,2vs4,66.66666666666666,3 TP/ 2 TN/ ,2 FP/ 0 FN
number_of_runs,280
AVG_PERC_SEC_SAVED_WITH_TP,34.7271574581645
AVG_PERC_SEC_SAVED_WITH_FP,40.66432793701639
AVG_PERC_SEC_SAVED_WITH_FN,36.57853835066381
W92-2@run1@W92-2@run1@50.0Map.png,57,12.280701754385964,0,12.280701754385964,8 TP/ 50 TN/ ,0 FP/ 0 FN
number_of_runs,281
AVG_PERC_SEC_SAVED_WITH_TP,34.647276832884145
AVG_PERC_SEC_SAVED_WITH_FP,40.56331859117072
AVG_PERC_SEC_SAVED_WITH_FN,36.49206918128204
